year,scenario,primary_expense_value,primary_expense_ratio,raw_primary_expense_value,raw_primary_expense_ratio,nominal_gdp
2025,central,975223.770491804,0.351,983082,0.353828313501819,2778415.30054645
2026,central,1063405.86666667,0.359,1055612.1035123,0.356368868218503,2962133.33333333
2027,central,1089487.56756757,0.352,1110772.70490284,0.358876965433157,3095135.13513514
2028,central,1105388.82833788,0.347,1161720.42510098,0.364683428288476,3185558.58310627
2029,central,1135944.47513812,0.341,1222836.37717375,0.367084143408987,3331215.46961326
2030,central,1171908.42696629,0.334,1296050.02764386,0.369381002194551,3508707.86516854
2031,central,1230686.78700963,0.335969481302727,1361054.84662637,0.371559112905343,3663091.01123596
2032,central,1292394.29131858,0.337945620952351,1429299.09747837,0.373744587289339,3824267.01573034
2033,central,1357311.67199905,0.339962392837269,1501093.25057895,0.375974998127809,3992534.76442247
2034,central,1425823.58445603,0.342071261321432,1576862.70832035,0.378307261463666,4168206.29405706
2035,central,1497827.93422342,0.344201074804398,1656494.56125282,0.380662688526019,4351607.37099557
2036,central,1571325.63991968,0.345872469491241,1737777.96301654,0.382511135964607,4543078.09531938
2037,central,1647626.09307662,0.347382519031448,1822161.01048663,0.38418114678055,4742973.53151343
2038,central,1727635.64854465,0.348899990090853,1910646.06971993,0.385859365285714,4951664.36690002
2039,central,1811534.02605414,0.350424770368103,2003431.89836349,0.387545667282531,5169537.59904362
2040,central,1899509.66323752,0.351956759296168,2100726.8954638,0.389239941550793,5396997.25340154
2041,central,1991774.97070123,0.353498499652508,2202765.97252587,0.390945000227287,5634465.13255121
2042,central,2088540.06244182,0.355050080908688,2309781.50116237,0.392660942261399,5882381.59838346
2043,central,2190025.39513844,0.356611593312309,2422017.2912807,0.394387867460767,6141206.38871234
2044,central,2296462.27992538,0.358183127891864,2539729.15706832,0.396125876496634,6411419.46981568
2045,central,2408093.41962578,0.359764776461922,2663185.51113615,0.397875070909591,6693521.92648757
2046,central,2525173.47271982,0.361356631628633,2792667.98822857,0.399635553115664,6988036.89125302
2047,central,2647969.64538541,0.362958786795532,2928472.09997968,0.401407426412731,7295510.51446816
2048,central,2776762.31301641,0.364571336169631,3070907.92226965,0.40319079498726,7616512.97710476
2049,central,2911845.67269405,0.366194374767753,3220300.81681316,0.404985763921316,7951639.54809737
2050,central,3053528.42816188,0.367827998423134,3376992.18869458,0.40679243919986,8301511.68821365
2051,central,3202134.50893218,0.369472303792235,3541340.28165007,0.40861092771828,8666778.20249505
2052,central,3358003.82523412,0.371127388361781,3713721.01298837,0.410441337290183,9048116.44340483
2053,central,3521493.06060007,0.372793350456003,3894528.85013656,0.412283776655398,9446233.56691465
2054,central,3692976.50397661,0.374470289244068,4084177.73089763,0.414138355488195,9861867.84385889
2055,central,3872846.92334264,0.376158304747698,4283102.02961194,0.416005184405713,10295790.0289887
2056,central,4061516.48291617,0.377857497848963,4491757.57152474,0.417884374976573,10748804.7902642
2057,central,4259417.70613683,0.379567970298228,4710622.69777856,0.419776039729673,11221752.2010358
2058,central,4467004.48672136,0.381289824722274,4940199.38357094,0.421680292163168,11715509.2978814
2059,central,4684753.15020517,0.383023164632557,5181014.41214631,0.423597246753601,12230991.7069882
2060,central,4913163.56850501,0.384768094433619,5433620.60742556,0.425527018965203,12769155.3420956
2061,central,5152760.33016566,0.386524719431631,5698598.12821832,0.427469725259352,13330998.1771479
2062,central,5404093.96908813,0.388293145843077,5976555.82711168,0.429425483104164,13917562.0969424
2063,central,5667742.25467799,0.390073480803561,6268132.67728551,0.43139441098424,14529934.8292078
2064,central,5944311.54650132,0.39186583237674,6573999.27066856,0.433376628410546,15169251.961693
2065,central,6234438.21669125,0.393670309563384,6894859.39102222,0.435372255930425,15836699.0480075
2066,central,6538790.14351254,0.395487022310541,7231451.6657201,0.437381415137744,16533513.8061198
2025,pressure,975223.770491804,0.351,983082,0.353828313501819,2778415.30054645
2026,pressure,1063405.86666667,0.359,1060783.65979354,0.358114757312367,2962133.33333333
2027,pressure,1089487.56756757,0.352,1121723.38701097,0.362414995803405,3095135.13513514
2028,pressure,1105388.82833788,0.347,1181593.55560734,0.370921935598232,3185558.58310627
2029,pressure,1135944.47513812,0.341,1249792.68243304,0.375176176333661,3331215.46961326
2030,pressure,1171908.42696629,0.334,1330975.7722801,0.379335021160608,3508707.86516854
2031,pressure,1231110.12952701,0.338353706172101,1398213.13483583,0.384279671528635,3638530.05617978
2032,pressure,1293280.22520337,0.342758247713725,1468821.80117998,0.389282057333708,3773155.66825843
2033,pressure,1358448.81267274,0.347184077151515,1542835.95539167,0.394308620517652,3912762.42798399
2034,pressure,1426924.27017066,0.351672726800803,1620605.83299332,0.399406530726321,4057534.6378194
2035,pressure,1498582.13583135,0.356155420824601,1701990.07846256,0.404497676931034,4207663.41941871
2036,pressure,1569654.49076214,0.359736345290842,1782709.33972484,0.408564653153118,4363346.96593721
2037,pressure,1641440.55878477,0.362766065881083,1864239.18892365,0.412005608614824,4524790.80367688
2038,pressure,1716378.12509073,0.36579326873291,1949348.30060149,0.415443704596427,4692208.06341293
2039,pressure,1794601.76658413,0.368817969931403,2038189.51826963,0.418878959366291,4865819.7617592
2040,pressure,1876251.7491957,0.371840196485091,2130922.14665802,0.422311403598912,5045855.09294429
2041,pressure,1961486.82588211,0.374862385806473,2227726.48683306,0.425743805545552,5232551.73138323
2042,pressure,2050461.46319542,0.377884714010102,2328777.97164744,0.429176365225425,5426156.14544441
2043,pressure,2143336.72015011,0.380907357118438,2434259.52123488,0.432609282553155,5626923.92282585
2044,pressure,2240421.81852667,0.383954704799717,2544522.32916018,0.436070257694358,5835120.10797041
2045,pressure,2341949.22392768,0.38703382195601,2659830.41441819,0.439567314495671,6051019.55196531
2046,pressure,2448124.28914854,0.390145094055936,2780417.00307772,0.443100890746754,6274907.27538803
2047,pressure,2559161.95682202,0.393288911652681,2906526.2127081,0.446671430011982,6507078.84457739
2048,pressure,2675287.21173594,0.396465670451254,3038413.56609149,0.450279381706829,6747840.76182675
2049,pressure,2796735.55469126,0.399675771376906,3176346.5293995,0.453925201175571,6997510.87001434
2050,pressure,2923753.49893609,0.40291962064473,3320605.07600994,0.457609349770338,7256418.77220487
2051,pressure,3056599.09026078,0.406197629830435,3471482.27719631,0.461332294931488,7524906.26677645
2052,pressure,3195542.45189247,0.409510215942289,3629284.92098279,0.465094510269321,7803327.79864718
2053,pressure,3340866.3553821,0.412857801494248,3794334.16051985,0.468896475647133,8092050.92719712
2054,pressure,3492866.8187352,0.416240814580254,3966966.19340151,0.472738677265597,8391456.81150341
2055,pressure,3651853.73309859,0.41965968894973,4147532.97341436,0.476621607748503,8701940.71352904
2056,pressure,3818151.51937823,0.423114864084256,4336402.95628068,0.480545766229847,9023912.51992961
2057,pressure,3992099.81623115,0.426606785275443,4533961.88103384,0.484511658442273,9357797.28316701
2058,pressure,4174054.20094381,0.430135903704021,4740613.58874415,0.488519796806892,9704035.78264418
2059,pressure,4364386.94478304,0.433702676520119,4956780.88039627,0.492570700524466,10063085.106602
2060,pressure,4563487.80448302,0.437307566924787,5182906.41580762,0.496664895667988,10435419.2555463
2061,pressure,4771764.85161236,0.440951044252739,5419453.65556832,0.500802915276661,10821529.7680015
2062,pressure,4989645.3416504,0.444633584056333,5666907.84808048,0.504985299451275,11221926.3694176
2063,pressure,5217576.62469098,0.448355668190811,5925777.06387498,0.509212595451017,11637137.645086
2064,pressure,5456027.09978524,0.452117784900801,6196593.27949067,0.513485357791713,12067711.7379542
2065,pressure,5705487.21503304,0.45592042890809,6479913.51331178,0.517804148345521,12514217.0722585
2066,pressure,5966470.5156354,0.459764101500694,6776321.01587634,0.522169536442077,12977243.1039321
2025,restraint,975223.770491804,0.351,983082,0.353828313501819,2778415.30054645
2026,restraint,1063405.86666667,0.359,1051827.26361364,0.355091126985159,2962133.33333333
2027,restraint,1089487.56756757,0.352,1102771.17723763,0.356291770501154,3095135.13513514
2028,restraint,1105388.82833788,0.347,1149176.35285937,0.360745634675724,3185558.58310627
2029,restraint,1135944.47513812,0.341,1205267.20289245,0.361810040175027,3331215.46961326
2030,restraint,1171908.42696629,0.334,1272854.02943303,0.362770021998366,3508707.86516854
2031,restraint,1233381.02198504,0.334780961398244,1339621.73795772,0.363618253685854,3684143.25842697
2032,restraint,1298070.15083381,0.335561676023489,1409883.04542935,0.364466217343861,3868350.42134832
2033,restraint,1366279.46113115,0.336375558747099,1483967.75500138,0.365350206126939,4061767.94241573
2034,restraint,1438421.32447502,0.337273101356409,1562323.75905007,0.366325061073418,4264856.33953652
2035,restraint,1514418.83397051,0.338183407968491,1644867.52609048,0.367313779485664,4478099.15651334
2036,restraint,1593457.26716076,0.338888956371056,1730714.15527355,0.368080102268656,4702004.11433901
2037,restraint,1675784.1589405,0.339426524194147,1820132.50360287,0.368663974996226,4937104.32005596
2038,restraint,1762356.12713183,0.339963326270812,1914161.58984602,0.369247016017665,5183959.53605876
2039,restraint,1853390.95272672,0.340499231989396,2013037.95416839,0.369829083470718,5443157.5128617
2040,restraint,1949117.57736659,0.34103412408121,2117010.25873856,0.370410049985431,5715315.38850479
2041,restraint,2049791.1214684,0.341570305004081,2226355.59948248,0.37099241634826,6001081.15793003
2042,restraint,2155667.44868499,0.342107790874034,2341351.87958268,0.37157620006343,6301135.21582653
2043,restraint,2267015.67077074,0.342646597738179,2462291.39148546,0.372161418560312,6616191.97661785
2044,restraint,2384118.83439093,0.343186741574466,2589481.56287041,0.372748089193163,6947001.57544875
2045,restraint,2507274.64358542,0.343728238291676,2723245.74134559,0.37333622924111,7294351.65422118
2046,restraint,2636796.21974017,0.34427110372961,2863924.01988128,0.37392585590836,7659069.23693224
2047,restraint,2773012.90101691,0.344815353659469,3011874.10510077,0.374516986324611,8042022.69877886
2048,restraint,2916271.08329254,0.345361003784398,3167472.23065638,0.37510963754564,8444123.8337178
2049,restraint,3066935.10476669,0.345908069740168,3331114.11803524,0.375703826554051,8866330.02540369
2050,restraint,3225388.17650865,0.346456567096002,3503215.98726141,0.376299570260164,9309646.52667387
2051,restraint,3392033.36133262,0.347006511355498,3684215.6200893,0.376896885503024,9775128.85300757
2052,restraint,3567294.60351518,0.347557917957666,3874573.47841873,0.377495789051524,10263885.2956579
2053,restraint,3751617.81199947,0.348110802278053,4074773.88080392,0.378096297605623,10777079.5604408
2054,restraint,3945471.99986852,0.348665179629931,4285326.24007856,0.378698427797647,11315933.5384629
2055,restraint,4149350.4830152,0.349221065265569,4506766.36527651,0.379302196193662,11881730.215386
2056,restraint,4363772.14108862,0.349778474377557,4739657.83119333,0.379907619294913,12475816.7261553
2057,restraint,4589282.74395728,0.350337422100175,4984593.41910809,0.380514713539315,13099607.5624631
2058,restraint,4826456.34709861,0.350897923510814,5242196.63236861,0.381123495302991,13754587.9405863
2059,restraint,5075896.75950136,0.351459993631423,5513123.29073576,0.381733980901847,14442317.3376156
2060,restraint,5338239.08785527,0.352023647429991,5798063.2075862,0.382346186593182,15164433.2044964
2061,restraint,5614151.36099829,0.352588899822052,6097741.95428594,0.382960128577322,15922654.8647212
2062,restraint,5904336.23879922,0.353155765672212,6412922.71627228,0.383575822999275,16718787.6079572
2063,restraint,6209532.80987117,0.353724259795681,6744408.24561838,0.384193285950404,17554726.9883551
2064,restraint,6530518.48274043,0.354294396959831,7093042.91510324,0.384812533470107,18432463.3377728
2065,restraint,6868110.97533654,0.354866191885746,7459714.87907202,0.385433581547511,19354086.5046615
2066,restraint,7223170.40792312,0.355439659249784,7845358.34664735,0.386056446123161,20321790.8298946
