year,model,forecast,actual,origin,horizon,error,model_label
2011,structural_ols,0.336183933628854,0.347158149042668,2010,1,-0.0109742154138144,Structural OLS (old-Shapley comparison)
2011,hybrid,0.356947864011972,0.347158149042668,2010,1,0.0097897149693042,Hybrid spending-share model
2011,per_capita_income,0.356077881100112,0.347158149042668,2010,1,0.00891973205744384,Real spending per capita (differences)
2011,univariate_arima,0.356366529110526,0.347158149042668,2010,1,0.00920838006785801,COVID-adjusted ARIMA benchmark
2012,structural_ols,0.331919894465846,0.349874026949591,2010,2,-0.017954132483745,Structural OLS (old-Shapley comparison)
2012,hybrid,0.342325082387206,0.349874026949591,2010,2,-0.0075489445623852,Hybrid spending-share model
2012,per_capita_income,0.359710155816601,0.349874026949591,2010,2,0.00983612886700946,Real spending per capita (differences)
2012,univariate_arima,0.356366529110526,0.349874026949591,2010,2,0.006492502160935,COVID-adjusted ARIMA benchmark
2013,structural_ols,0.327517537769104,0.344430952357823,2010,3,-0.0169134145887194,Structural OLS (old-Shapley comparison)
2013,hybrid,0.326196562344837,0.344430952357823,2010,3,-0.0182343900129859,Hybrid spending-share model
2013,per_capita_income,0.366741432772514,0.344430952357823,2010,3,0.0223104804146911,Real spending per capita (differences)
2013,univariate_arima,0.356366529110526,0.344430952357823,2010,3,0.011935576752703,COVID-adjusted ARIMA benchmark
2014,structural_ols,0.322464893081563,0.346132712717135,2010,4,-0.0236678196355724,Structural OLS (old-Shapley comparison)
2014,hybrid,0.316315829479011,0.346132712717135,2010,4,-0.029816883238124,Hybrid spending-share model
2014,per_capita_income,0.370266244377511,0.346132712717135,2010,4,0.0241335316603764,Real spending per capita (differences)
2014,univariate_arima,0.356366529110526,0.346132712717135,2010,4,0.010233816393391,COVID-adjusted ARIMA benchmark
2015,structural_ols,0.321367703008393,0.348893646518989,2010,5,-0.027525943510596,Structural OLS (old-Shapley comparison)
2015,hybrid,0.304621294486389,0.348893646518989,2010,5,-0.0442723520326003,Hybrid spending-share model
2015,per_capita_income,0.380767477130564,0.348893646518989,2010,5,0.0318738306115747,Real spending per capita (differences)
2015,univariate_arima,0.356366529110526,0.348893646518989,2010,5,0.007472882591537,COVID-adjusted ARIMA benchmark
2012,structural_ols,0.337640999604826,0.349874026949591,2011,1,-0.0122330273447646,Structural OLS (old-Shapley comparison)
2012,hybrid,0.335434513561484,0.349874026949591,2011,1,-0.014439513388107,Hybrid spending-share model
2012,per_capita_income,0.347551921723943,0.349874026949591,2011,1,-0.00232210522564802,Real spending per capita (differences)
2012,univariate_arima,0.347158149042668,0.349874026949591,2011,1,-0.00271587790692301,COVID-adjusted ARIMA benchmark
2013,structural_ols,0.33255051472017,0.344430952357823,2011,2,-0.0118804376376527,Structural OLS (old-Shapley comparison)
2013,hybrid,0.323783084245622,0.344430952357823,2011,2,-0.0206478681122008,Hybrid spending-share model
2013,per_capita_income,0.351639889265401,0.344430952357823,2011,2,0.00720893690757807,Real spending per capita (differences)
2013,univariate_arima,0.347158149042668,0.344430952357823,2011,2,0.002727196684845,COVID-adjusted ARIMA benchmark
2014,structural_ols,0.327681403510867,0.346132712717135,2011,3,-0.0184513092062676,Structural OLS (old-Shapley comparison)
2014,hybrid,0.314635135779176,0.346132712717135,2011,3,-0.0314975769379586,Hybrid spending-share model
2014,per_capita_income,0.351971128416396,0.346132712717135,2011,3,0.00583841569926097,Real spending per capita (differences)
2014,univariate_arima,0.347158149042668,0.346132712717135,2011,3,0.00102543632553298,COVID-adjusted ARIMA benchmark
2015,structural_ols,0.325839705539808,0.348893646518989,2011,4,-0.0230539409791806,Structural OLS (old-Shapley comparison)
2015,hybrid,0.306656232697281,0.348893646518989,2011,4,-0.0422374138217078,Hybrid spending-share model
2015,per_capita_income,0.359564207897043,0.348893646518989,2011,4,0.0106705613780537,Real spending per capita (differences)
2015,univariate_arima,0.347158149042668,0.348893646518989,2011,4,-0.00173549747632101,COVID-adjusted ARIMA benchmark
2016,structural_ols,0.318682001796242,0.354659808866871,2011,5,-0.0359778070706292,Structural OLS (old-Shapley comparison)
2016,hybrid,0.295712600304955,0.354659808866871,2011,5,-0.0589472085619161,Hybrid spending-share model
2016,per_capita_income,0.364270141235611,0.354659808866871,2011,5,0.00961033236873976,Real spending per capita (differences)
2016,univariate_arima,0.347158149042668,0.354659808866871,2011,5,-0.00750165982420298,COVID-adjusted ARIMA benchmark
2013,structural_ols,0.337593974825567,0.344430952357823,2012,1,-0.00683697753225582,Structural OLS (old-Shapley comparison)
2013,hybrid,0.343283805014653,0.344430952357823,2012,1,-0.00114714734317045,Hybrid spending-share model
2013,per_capita_income,0.354716127162329,0.344430952357823,2012,1,0.010285174804506,Real spending per capita (differences)
2013,univariate_arima,0.349874026949591,0.344430952357823,2012,1,0.00544307459176802,COVID-adjusted ARIMA benchmark
2014,structural_ols,0.333378329005582,0.346132712717135,2012,2,-0.0127543837115532,Structural OLS (old-Shapley comparison)
2014,hybrid,0.333131719936715,0.346132712717135,2012,2,-0.0130009927804201,Hybrid spending-share model
2014,per_capita_income,0.355745753210789,0.346132712717135,2012,2,0.00961304049365391,Real spending per capita (differences)
2014,univariate_arima,0.349874026949591,0.346132712717135,2012,2,0.00374131423245599,COVID-adjusted ARIMA benchmark
2015,structural_ols,0.331693510927959,0.348893646518989,2012,3,-0.0172001355910302,Structural OLS (old-Shapley comparison)
2015,hybrid,0.326754070276848,0.348893646518989,2012,3,-0.0221395762421414,Hybrid spending-share model
2015,per_capita_income,0.364146596770587,0.348893646518989,2012,3,0.0152529502515978,Real spending per capita (differences)
2015,univariate_arima,0.349874026949591,0.348893646518989,2012,3,0.000980380430602001,COVID-adjusted ARIMA benchmark
2016,structural_ols,0.324706686565498,0.354659808866871,2012,4,-0.0299531223013733,Structural OLS (old-Shapley comparison)
2016,hybrid,0.315041643901396,0.354659808866871,2012,4,-0.0396181649654753,Hybrid spending-share model
2016,per_capita_income,0.369685010732338,0.354659808866871,2012,4,0.0150252018654665,Real spending per capita (differences)
2016,univariate_arima,0.349874026949591,0.354659808866871,2012,4,-0.00478578191727996,COVID-adjusted ARIMA benchmark
2017,structural_ols,0.312515039032939,0.350056716497443,2012,5,-0.0375416774645045,Structural OLS (old-Shapley comparison)
2017,hybrid,0.302446745756766,0.350056716497443,2012,5,-0.0476099707406767,Hybrid spending-share model
2017,per_capita_income,0.36183345193181,0.350056716497443,2012,5,0.0117767354343671,Real spending per capita (differences)
2017,univariate_arima,0.349874026949591,0.350056716497443,2012,5,-0.000182689547852,COVID-adjusted ARIMA benchmark
2014,structural_ols,0.336394041517939,0.346132712717135,2013,1,-0.0097386711991958,Structural OLS (old-Shapley comparison)
2014,hybrid,0.335730462987391,0.346132712717135,2013,1,-0.0104022497297436,Hybrid spending-share model
2014,per_capita_income,0.343415568872616,0.346132712717135,2013,1,-0.00271714384451949,Real spending per capita (differences)
2014,univariate_arima,0.344430952357823,0.346132712717135,2013,1,-0.00170176035931202,COVID-adjusted ARIMA benchmark
2015,structural_ols,0.335330145491723,0.348893646518989,2013,2,-0.0135635010272657,Structural OLS (old-Shapley comparison)
2015,hybrid,0.330483157645279,0.348893646518989,2013,2,-0.0184104888737105,Hybrid spending-share model
2015,per_capita_income,0.349363222385513,0.348893646518989,2013,2,0.000469575866524408,Real spending per capita (differences)
2015,univariate_arima,0.344430952357823,0.348893646518989,2013,2,-0.00446269416116601,COVID-adjusted ARIMA benchmark
2016,structural_ols,0.328967980645698,0.354659808866871,2013,3,-0.0256918282211726,Structural OLS (old-Shapley comparison)
2016,hybrid,0.320271567611676,0.354659808866871,2013,3,-0.0343882412551954,Hybrid spending-share model
2016,per_capita_income,0.352442743331408,0.354659808866871,2013,3,-0.00221706553546264,Real spending per capita (differences)
2016,univariate_arima,0.344430952357823,0.354659808866871,2013,3,-0.010228856509048,COVID-adjusted ARIMA benchmark
2017,structural_ols,0.317122882021401,0.350056716497443,2013,4,-0.032933834476042,Structural OLS (old-Shapley comparison)
2017,hybrid,0.308684336262004,0.350056716497443,2013,4,-0.0413723802354394,Hybrid spending-share model
2017,per_capita_income,0.343599773938919,0.350056716497443,2013,4,-0.00645694255852414,Real spending per capita (differences)
2017,univariate_arima,0.344430952357823,0.350056716497443,2013,4,-0.00562576413962002,COVID-adjusted ARIMA benchmark
2018,structural_ols,0.309091600023484,0.349966601492251,2013,5,-0.0408750014687668,Structural OLS (old-Shapley comparison)
2018,hybrid,0.302062354592465,0.349966601492251,2013,5,-0.0479042468997864,Hybrid spending-share model
2018,per_capita_income,0.340694114643046,0.349966601492251,2013,5,-0.00927248684920473,Real spending per capita (differences)
2018,univariate_arima,0.344430952357823,0.349966601492251,2013,5,-0.005535649134428,COVID-adjusted ARIMA benchmark
2015,structural_ols,0.339845964534899,0.348893646518989,2014,1,-0.00904768198409056,Structural OLS (old-Shapley comparison)
2015,hybrid,0.3467163763508,0.348893646518989,2014,1,-0.00217727016818953,Hybrid spending-share model
2015,per_capita_income,0.352548535976912,0.348893646518989,2014,1,0.00365488945792314,Real spending per capita (differences)
2015,univariate_arima,0.346132712717135,0.348893646518989,2014,1,-0.00276093380185399,COVID-adjusted ARIMA benchmark
2016,structural_ols,0.334418197370454,0.354659808866871,2014,2,-0.0202416114964167,Structural OLS (old-Shapley comparison)
2016,hybrid,0.343382136958484,0.354659808866871,2014,2,-0.0112776719083873,Hybrid spending-share model
2016,per_capita_income,0.356100320448225,0.354659808866871,2014,2,0.00144051158135367,Real spending per capita (differences)
2016,univariate_arima,0.346132712717135,0.354659808866871,2014,2,-0.00852709614973596,COVID-adjusted ARIMA benchmark
2017,structural_ols,0.323055918932366,0.350056716497443,2014,3,-0.0270007975650768,Structural OLS (old-Shapley comparison)
2017,hybrid,0.331176175695,0.350056716497443,2014,3,-0.0188805408024426,Hybrid spending-share model
2017,per_capita_income,0.347621887956879,0.350056716497443,2014,3,-0.00243482854056432,Real spending per capita (differences)
2017,univariate_arima,0.346132712717135,0.350056716497443,2014,3,-0.00392400378030799,COVID-adjusted ARIMA benchmark
2018,structural_ols,0.315645576400867,0.349966601492251,2014,4,-0.0343210250913843,Structural OLS (old-Shapley comparison)
2018,hybrid,0.324237758854923,0.349966601492251,2014,4,-0.025728842637328,Hybrid spending-share model
2018,per_capita_income,0.345087278086714,0.349966601492251,2014,4,-0.00487932340553687,Real spending per capita (differences)
2018,univariate_arima,0.346132712717135,0.349966601492251,2014,4,-0.00383388877511598,COVID-adjusted ARIMA benchmark
2019,structural_ols,0.305900257726283,0.3489459716794,2014,5,-0.0430457139531168,Structural OLS (old-Shapley comparison)
2019,hybrid,0.315201831215578,0.3489459716794,2014,5,-0.0337441404638218,Hybrid spending-share model
2019,per_capita_income,0.343353852134545,0.3489459716794,2014,5,-0.00559211954485522,Real spending per capita (differences)
2019,univariate_arima,0.346132712717135,0.3489459716794,2014,5,-0.00281325896226498,COVID-adjusted ARIMA benchmark
2016,structural_ols,0.339161478501088,0.354659808866871,2015,1,-0.0154983303657831,Structural OLS (old-Shapley comparison)
2016,hybrid,0.346478972843769,0.354659808866871,2015,1,-0.00818083602310205,Hybrid spending-share model
2016,per_capita_income,0.351821932773853,0.354659808866871,2015,1,-0.0028378760930175,Real spending per capita (differences)
2016,univariate_arima,0.348893646518989,0.354659808866871,2015,1,-0.00576616234788197,COVID-adjusted ARIMA benchmark
2017,structural_ols,0.32763500124931,0.350056716497443,2015,2,-0.0224217152481327,Structural OLS (old-Shapley comparison)
2017,hybrid,0.334525193914299,0.350056716497443,2015,2,-0.0155315225831438,Hybrid spending-share model
2017,per_capita_income,0.343295204142344,0.350056716497443,2015,2,-0.00676151235509859,Real spending per capita (differences)
2017,univariate_arima,0.348893646518989,0.350056716497443,2015,2,-0.001163069978454,COVID-adjusted ARIMA benchmark
2018,structural_ols,0.320616731624518,0.349966601492251,2015,3,-0.029349869867733,Structural OLS (old-Shapley comparison)
2018,hybrid,0.327685277296755,0.349966601492251,2015,3,-0.0222813241954958,Hybrid spending-share model
2018,per_capita_income,0.34046939338865,0.349966601492251,2015,3,-0.00949720810360061,Real spending per capita (differences)
2018,univariate_arima,0.348893646518989,0.349966601492251,2015,3,-0.00107295497326199,COVID-adjusted ARIMA benchmark
2019,structural_ols,0.311107022642693,0.3489459716794,2015,4,-0.037838949036707,Structural OLS (old-Shapley comparison)
2019,hybrid,0.318895751575811,0.3489459716794,2015,4,-0.0300502201035887,Hybrid spending-share model
2019,per_capita_income,0.338464801310339,0.3489459716794,2015,4,-0.0104811703690607,Real spending per capita (differences)
2019,univariate_arima,0.348893646518989,0.3489459716794,2015,4,-5.2325160410982e-05,COVID-adjusted ARIMA benchmark
2020,structural_ols,0.308007378146928,0.397665294079763,2015,5,-0.0896579159328352,Structural OLS (old-Shapley comparison)
2020,hybrid,0.315499153211091,0.397665294079763,2015,5,-0.082166140868672,Hybrid spending-share model
2020,per_capita_income,0.347683808854739,0.397665294079763,2015,5,-0.0499814852250245,Real spending per capita (differences)
2020,univariate_arima,0.348893646518989,0.397665294079763,2015,5,-0.048771647560774,COVID-adjusted ARIMA benchmark
2017,structural_ols,0.333429079993531,0.350056716497443,2016,1,-0.0166276365039117,Structural OLS (old-Shapley comparison)
2017,hybrid,0.343118704010069,0.350056716497443,2016,1,-0.00693801248737413,Hybrid spending-share model
2017,per_capita_income,0.346187001941917,0.350056716497443,2016,1,-0.00386971455552604,Real spending per capita (differences)
2017,univariate_arima,0.354659808866871,0.350056716497443,2016,1,0.00460309236942796,COVID-adjusted ARIMA benchmark
2018,structural_ols,0.326840473645235,0.349966601492251,2016,2,-0.0231261278470165,Structural OLS (old-Shapley comparison)
2018,hybrid,0.335542299392166,0.349966601492251,2016,2,-0.0144243021000847,Hybrid spending-share model
2018,per_capita_income,0.343567269538988,0.349966601492251,2016,2,-0.00639933195326281,Real spending per capita (differences)
2018,univariate_arima,0.354659808866871,0.349966601492251,2016,2,0.00469320737461998,COVID-adjusted ARIMA benchmark
2019,structural_ols,0.317436535344984,0.3489459716794,2016,3,-0.0315094363344156,Structural OLS (old-Shapley comparison)
2019,hybrid,0.32667273460056,0.3489459716794,2016,3,-0.02227323707884,Hybrid spending-share model
2019,per_capita_income,0.341746960574093,0.3489459716794,2016,3,-0.00719901110530707,Real spending per capita (differences)
2019,univariate_arima,0.354659808866871,0.3489459716794,2016,3,0.00571383718747098,COVID-adjusted ARIMA benchmark
2020,structural_ols,0.315124662075534,0.397665294079763,2016,4,-0.0825406320042294,Structural OLS (old-Shapley comparison)
2020,hybrid,0.323014242270761,0.397665294079763,2016,4,-0.0746510518090021,Hybrid spending-share model
2020,per_capita_income,0.351429442328744,0.397665294079763,2016,4,-0.0462358517510194,Real spending per capita (differences)
2020,univariate_arima,0.354659808866871,0.397665294079763,2016,4,-0.043005485212892,COVID-adjusted ARIMA benchmark
2021,structural_ols,0.307513594604903,0.420022274506502,2016,5,-0.112508679901599,Structural OLS (old-Shapley comparison)
2021,hybrid,0.312530838562236,0.420022274506502,2016,5,-0.107491435944266,Hybrid spending-share model
2021,per_capita_income,0.342665609436567,0.420022274506502,2016,5,-0.0773566650699348,Real spending per capita (differences)
2021,univariate_arima,0.354659808866871,0.420022274506502,2016,5,-0.065362465639631,COVID-adjusted ARIMA benchmark
2018,structural_ols,0.333429840503863,0.349966601492251,2017,1,-0.0165367609883876,Structural OLS (old-Shapley comparison)
2018,hybrid,0.342893209467874,0.349966601492251,2017,1,-0.00707339202437712,Hybrid spending-share model
2018,per_capita_income,0.347931789129287,0.349966601492251,2017,1,-0.00203481236296438,Real spending per capita (differences)
2018,univariate_arima,0.350056716497443,0.349966601492251,2017,1,9.01150051920152e-05,COVID-adjusted ARIMA benchmark
2019,structural_ols,0.325140704766345,0.3489459716794,2017,2,-0.0238052669130546,Structural OLS (old-Shapley comparison)
2019,hybrid,0.335210607162772,0.3489459716794,2017,2,-0.0137353645166277,Hybrid spending-share model
2019,per_capita_income,0.346775955787197,0.3489459716794,2017,2,-0.002170015892203,Real spending per capita (differences)
2019,univariate_arima,0.350056716497443,0.3489459716794,2017,2,0.00111074481804302,COVID-adjusted ARIMA benchmark
2020,structural_ols,0.324226660086291,0.397665294079763,2017,3,-0.0734386339934716,Structural OLS (old-Shapley comparison)
2020,hybrid,0.332714961126777,0.397665294079763,2017,3,-0.0649503329529862,Hybrid spending-share model
2020,per_capita_income,0.357515991202576,0.397665294079763,2017,3,-0.0401493028771866,Real spending per capita (differences)
2020,univariate_arima,0.350056716497443,0.397665294079763,2017,3,-0.04760857758232,COVID-adjusted ARIMA benchmark
2021,structural_ols,0.318861849468246,0.420022274506502,2017,4,-0.101160425038256,Structural OLS (old-Shapley comparison)
2021,hybrid,0.324925986090239,0.420022274506502,2017,4,-0.0950962884162627,Hybrid spending-share model
2021,per_capita_income,0.349925897695477,0.420022274506502,2017,4,-0.0700963768110254,Real spending per capita (differences)
2021,univariate_arima,0.350056716497443,0.420022274506502,2017,4,-0.069965558009059,COVID-adjusted ARIMA benchmark
2022,structural_ols,0.290270685541859,0.378859989972692,2017,5,-0.0885893044308333,Structural OLS (old-Shapley comparison)
2022,hybrid,0.298730130330259,0.378859989972692,2017,5,-0.0801298596424335,Hybrid spending-share model
2022,per_capita_income,0.334432934652401,0.378859989972692,2017,5,-0.0444270553202913,Real spending per capita (differences)
2022,univariate_arima,0.350056716497443,0.378859989972692,2017,5,-0.028803273475249,COVID-adjusted ARIMA benchmark
2019,structural_ols,0.331576711292122,0.3489459716794,2018,1,-0.0173692603872778,Structural OLS (old-Shapley comparison)
2019,hybrid,0.345385047120549,0.3489459716794,2018,1,-0.00356092455885149,Hybrid spending-share model
2019,per_capita_income,0.349017468206791,0.3489459716794,2018,1,7.14965273909685e-05,Real spending per capita (differences)
2019,univariate_arima,0.349966601492251,0.3489459716794,2018,1,0.001020629812851,COVID-adjusted ARIMA benchmark
2020,structural_ols,0.331900656702023,0.397665294079763,2018,2,-0.0657646373777402,Structural OLS (old-Shapley comparison)
2020,hybrid,0.34584621615955,0.397665294079763,2018,2,-0.0518190779202132,Hybrid spending-share model
2020,per_capita_income,0.360138794524368,0.397665294079763,2018,2,-0.0375264995553949,Real spending per capita (differences)
2020,univariate_arima,0.349966601492251,0.397665294079763,2018,2,-0.047698692587512,COVID-adjusted ARIMA benchmark
2021,structural_ols,0.328714087317253,0.420022274506502,2018,3,-0.0913081871892489,Structural OLS (old-Shapley comparison)
2021,hybrid,0.339291440665436,0.420022274506502,2018,3,-0.0807308338410662,Hybrid spending-share model
2021,per_capita_income,0.352915071041278,0.420022274506502,2018,3,-0.0671072034652235,Real spending per capita (differences)
2021,univariate_arima,0.349966601492251,0.420022274506502,2018,3,-0.070055673014251,COVID-adjusted ARIMA benchmark
2022,structural_ols,0.302068210105522,0.378859989972692,2018,4,-0.0767917798671703,Structural OLS (old-Shapley comparison)
2022,hybrid,0.314957520357094,0.378859989972692,2018,4,-0.0639024696155979,Hybrid spending-share model
2022,per_capita_income,0.337535004018278,0.378859989972692,2018,4,-0.0413249859544144,Real spending per capita (differences)
2022,univariate_arima,0.349966601492251,0.378859989972692,2018,4,-0.028893388480441,COVID-adjusted ARIMA benchmark
2023,structural_ols,0.292349612988938,0.357918223925394,2018,5,-0.0655686109364566,Structural OLS (old-Shapley comparison)
2023,hybrid,0.30745459037059,0.357918223925394,2018,5,-0.0504636335548043,Hybrid spending-share model
2023,per_capita_income,0.339169287800084,0.357918223925394,2018,5,-0.0187489361253101,Real spending per capita (differences)
2023,univariate_arima,0.349966601492251,0.357918223925394,2018,5,-0.00795162243314301,COVID-adjusted ARIMA benchmark
2020,structural_ols,0.338845310327796,0.397665294079763,2019,1,-0.0588199837519671,Structural OLS (old-Shapley comparison)
2020,hybrid,0.351667999713282,0.397665294079763,2019,1,-0.0459972943664813,Hybrid spending-share model
2020,per_capita_income,0.360052116659432,0.397665294079763,2019,1,-0.0376131774203307,Real spending per capita (differences)
2020,univariate_arima,0.3489459716794,0.397665294079763,2019,1,-0.048719322400363,COVID-adjusted ARIMA benchmark
2021,structural_ols,0.338096134165134,0.420022274506502,2019,2,-0.0819261403413682,Structural OLS (old-Shapley comparison)
2021,hybrid,0.346744538302531,0.420022274506502,2019,2,-0.0732777362039711,Hybrid spending-share model
2021,per_capita_income,0.352814468288817,0.420022274506502,2019,2,-0.0672078062176847,Real spending per capita (differences)
2021,univariate_arima,0.3489459716794,0.420022274506502,2019,2,-0.071076302827102,COVID-adjusted ARIMA benchmark
2022,structural_ols,0.313962202825134,0.378859989972692,2019,3,-0.0648977871475582,Structural OLS (old-Shapley comparison)
2022,hybrid,0.324023552639487,0.378859989972692,2019,3,-0.0548364373332046,Hybrid spending-share model
2022,per_capita_income,0.337428791435693,0.378859989972692,2019,3,-0.0414311985369988,Real spending per capita (differences)
2022,univariate_arima,0.3489459716794,0.378859989972692,2019,3,-0.029914018293292,COVID-adjusted ARIMA benchmark
2023,structural_ols,0.304415017290582,0.357918223925394,2019,4,-0.0535032066348122,Structural OLS (old-Shapley comparison)
2023,hybrid,0.3169036112914,0.357918223925394,2019,4,-0.0410146126339939,Hybrid spending-share model
2023,per_capita_income,0.339061856354235,0.357918223925394,2019,4,-0.0188563675711586,Real spending per capita (differences)
2023,univariate_arima,0.3489459716794,0.357918223925394,2019,4,-0.00897225224599402,COVID-adjusted ARIMA benchmark
2024,structural_ols,0.30964250549218,0.373326881738081,2019,5,-0.0636843762459013,Structural OLS (old-Shapley comparison)
2024,hybrid,0.32208103096091,0.373326881738081,2019,5,-0.0512458507771714,Hybrid spending-share model
2024,per_capita_income,0.355502234768112,0.373326881738081,2019,5,-0.0178246469699692,Real spending per capita (differences)
2024,univariate_arima,0.3489459716794,0.373326881738081,2019,5,-0.024380910058681,COVID-adjusted ARIMA benchmark
2021,structural_ols,0.338096134165133,0.420022274506502,2020,1,-0.0819261403413686,Structural OLS (old-Shapley comparison)
2021,hybrid,0.331010409134403,0.420022274506502,2020,1,-0.0890118653720988,Hybrid spending-share model
2021,per_capita_income,0.389671558077185,0.420022274506502,2020,1,-0.0303507164293167,Real spending per capita (differences)
2021,univariate_arima,0.3489459716794,0.420022274506502,2020,1,-0.071076302827102,COVID-adjusted ARIMA benchmark
2022,structural_ols,0.313962202825133,0.378859989972692,2020,2,-0.0648977871475587,Structural OLS (old-Shapley comparison)
2022,hybrid,0.308815159781757,0.378859989972692,2020,2,-0.070044830190935,Hybrid spending-share model
2022,per_capita_income,0.372678602259603,0.378859989972692,2020,2,-0.00618138771308935,Real spending per capita (differences)
2022,univariate_arima,0.3489459716794,0.378859989972692,2020,2,-0.029914018293292,COVID-adjusted ARIMA benchmark
2023,structural_ols,0.304415017290581,0.357918223925394,2020,3,-0.0535032066348127,Structural OLS (old-Shapley comparison)
2023,hybrid,0.299241133452557,0.357918223925394,2020,3,-0.0586770904728367,Hybrid spending-share model
2023,per_capita_income,0.374482266815452,0.357918223925394,2020,3,0.0165640428900577,Real spending per capita (differences)
2023,univariate_arima,0.3489459716794,0.357918223925394,2020,3,-0.00897225224599402,COVID-adjusted ARIMA benchmark
2024,structural_ols,0.309642505492179,0.373326881738081,2020,4,-0.0636843762459019,Structural OLS (old-Shapley comparison)
2024,hybrid,0.303940777834137,0.373326881738081,2020,4,-0.0693861039039443,Hybrid spending-share model
2024,per_capita_income,0.392640104567933,0.373326881738081,2020,4,0.0193132228298522,Real spending per capita (differences)
2024,univariate_arima,0.3489459716794,0.373326881738081,2020,4,-0.024380910058681,COVID-adjusted ARIMA benchmark
2025,structural_ols,0.311540051396567,0.383410740130003,2020,5,-0.0718706887334362,Structural OLS (old-Shapley comparison)
2025,hybrid,0.305696817883378,0.383410740130003,2020,5,-0.0777139222466254,Hybrid spending-share model
2025,per_capita_income,0.405600818028612,0.383410740130003,2020,5,0.0221900778986089,Real spending per capita (differences)
2025,univariate_arima,0.3489459716794,0.383410740130003,2020,5,-0.034464768450603,COVID-adjusted ARIMA benchmark
