year,gov_gdp,0_14,15_34,35_54,55_64,65p,pop_total,rp_g,gfce_nom,gfce_real,gdp_nom,gdp_real,tot_index,tot,unemp,is_outlier,p_gfce,p_gdp,dln_pop
1980,0.20747337563546,0.25252834977254,0.338004673040925,0.22295689876448,0.0903384035065227,0.0961716749155311,29390712,-0.556897195374085,5791,31675.75,33686.25,181306.25,53.8,-0.662054777838842,6.16144416666667,FALSE,0.182821243380188,0.185797511117239,0.0122987053829036
1981,0.211430292632778,0.249646524955003,0.338788910733982,0.22335267227134,0.0907131551685088,0.0974987368711662,29846520,-0.0579426972154036,6777.5,33114.5,38179.25,187365.75,53.075,-0.701808471723304,5.84542205,FALSE,0.204668649685183,0.203768564959177,0.0153895440631544
1982,0.208981423620974,0.246636267178741,0.336177618817713,0.227438015200886,0.091042644393232,0.0987054544094284,30368494,0.317800148168836,7791.75,33612.5,44007.5,193602.25,52.25,-0.747045433729761,6.14021313333333,FALSE,0.231811082186687,0.227308825181526,0.0173374392907739
1983,0.220579644550636,0.243676020588468,0.333823454513706,0.230702339277325,0.0920312194675769,0.0997669661529251,30786944,0.34825574572547,8831.75,34467.5,47503.25,189293.25,51.725,-0.775832591370233,8.94025688333333,FALSE,0.25623413360412,0.250950575363886,0.0136850145877858
1984,0.220786380370391,0.239791465532895,0.332291743624638,0.233897075951172,0.0930025441944425,0.101017170696852,31158782,-0.0435233079679047,9801.25,36073.5,53511,197933.5,52.6,-0.727853995302779,9.64113155833333,FALSE,0.271702219080489,0.270348374580352,0.0120054276571899
1985,0.231403170940679,0.235968290973728,0.331024557913474,0.237381551618691,0.0929528755195616,0.102672723974545,31576624,0.292363895677525,11313,39260.5,58941.5,208388.25,52.1,-0.755270335912752,8.61126633333333,FALSE,0.288152214057386,0.282844642152329,0.0133209683462496
1986,0.234542190030282,0.230954998486111,0.330970730443523,0.240982810339392,0.0920799582978272,0.105011502433147,32036700,0.436377364154659,12652,40966.25,65302.75,216660.5,47.025,-1.03354619310398,7.93684923333333,FALSE,0.308839593567876,0.301405886167529,0.0144650206312775
1987,0.234279632182304,0.226719906954518,0.331230677266683,0.244643803807137,0.0904638710309733,0.106941740940689,32527748,0.176954928866982,13847,42354.25,71638.75,222199.75,44.6,-1.16651544506236,8.25129245833333,FALSE,0.326932952419179,0.322406978405691,0.0152113890433156
1988,0.218343633964087,0.223747538434775,0.330423046855814,0.248552881522346,0.0889190912937955,0.108357441893269,33064328,-0.545128323227748,14961.25,43947.5,81265.25,235001.5,48.35,-0.960892890487554,7.76463038333333,FALSE,0.340434609477217,0.345807367187018,0.0163614876307641
1989,0.208227719417147,0.221531214643435,0.328993644501242,0.252383966234688,0.0872749906984578,0.109816183922177,33628832,-1.22654670346461,16347.75,45240.5,92218.75,244117,55.425,-0.572951670856429,6.60801161666667,FALSE,0.361352107072203,0.377764555520509,0.0169287969389345
1990,0.209263850352429,0.220039017580179,0.326805166653306,0.256385243638372,0.0858202762967849,0.110950295831359,34130256,-1.07003285502785,17960.25,46439.5,101545.25,252839.5,55.775,-0.553760232429447,6.13786178333333,FALSE,0.386745119994832,0.401619406777818,0.0148004693689643
1991,0.218946391564208,0.219018868046792,0.323202057667549,0.260282783488764,0.0846340519077836,0.112862238889111,34568072,-0.708311870373682,19347,47926,103985.5,251867,52.85,-0.714145824997792,8.36757215,FALSE,0.403684847473188,0.412858770700409,0.0127462178556783
1992,0.227654049617573,0.218156566573992,0.319334604790363,0.264039897852435,0.0839377903366024,0.114531140446608,34957270,-0.0924465534859364,20657,49147.75,106000.75,252957.75,51.125,-0.808732200102201,10.27607135,FALSE,0.420304083096378,0.419045275347365,0.0111959770147045
1993,0.227026686807654,0.217255271506217,0.314846013633945,0.267912358331318,0.083588831814897,0.116397524713623,35269616,0.08048672762756,21511,50397.25,111216,263191.75,49.075,-0.921139196603092,10.93177795,FALSE,0.426828844827843,0.422566436827902,0.00889539825558217
1994,0.219663735647319,0.216269013541234,0.31059846334845,0.271667725891844,0.0835333280765212,0.117931469141951,35610936,0.019771632168803,21902.75,50945.25,116768.25,273664.25,47.7,-0.996534133280519,10.5258523333333,FALSE,0.429927225796321,0.426684340391556,0.00963092494678008
1995,0.217930146467085,0.215251230194122,0.306345356776012,0.275687116416536,0.0836775270173945,0.119038769595935,36009764,-0.321851093778446,23077.25,53141,124260,284310,49.375,-0.904689392237108,8.9164563,FALSE,0.434264503867071,0.437058140761844,0.0111373422085137
1996,0.215196299532535,0.213697437119498,0.302280846718095,0.279762753619841,0.0839699624143343,0.120289000128232,36449534,-0.443666074556781,24563,55386,132469.75,295300.5,50.85,-0.823811187437687,8.39435028333333,FALSE,0.443487523923013,0.448593043357529,0.0121385498322191
1997,0.212001357912264,0.212146944067908,0.297583237769104,0.283477908664028,0.0853669240310379,0.121424985467923,36846074,-0.386434270022432,25418.5,56553.25,139184.25,306870.5,52.375,-0.740191348577267,8.586768425,FALSE,0.449461348375204,0.453560215139611,0.0108203991959606
1998,0.209936106402399,0.21047982371059,0.293034711008157,0.287089930643333,0.0869452477011524,0.122450286936767,37215168,-0.322599471761993,26868.75,58841.25,147628.25,321222.25,52.025,-0.759382787004249,7.98162101666667,FALSE,0.456631189854057,0.459582890039529,0.00996734717801573
1999,0.215581782218878,0.208909039337317,0.289204000113968,0.289129952673426,0.0893467686823872,0.123410239192901,37624528,0.357881791716844,29118.25,61712.75,155842.25,337373.75,49.525,-0.896464490054116,7.28291501666667,FALSE,0.471835236640727,0.461927609957799,0.0109397580294228
2000,0.214822222791208,0.207230176655367,0.286474892113545,0.290077641251404,0.0919708975898745,0.12424639238981,38057604,0.290043704442072,30723,63701.5,165987.25,350585.75,51.4,-0.793653212766715,6.615233775,FALSE,0.482296335251132,0.473456921737407,0.0114447285147712
2001,0.214904242000429,0.205462746218476,0.284389573669651,0.290299029800774,0.0943437202994744,0.125504930011625,38549402,0.28237502901584,32761.5,64897.75,177322,357707.5,52.375,-0.740191348577267,6.34940781666667,FALSE,0.504817193200073,0.495717870047455,0.0128396809127338
2002,0.212705049473197,0.203363082521296,0.283253578699588,0.288566217034851,0.0983414900378093,0.126475631706455,38990420,0.225402599719762,34707.75,67057.5,189420.75,371836.25,53.125,-0.699066837662307,6.7198874,FALSE,0.517581925959065,0.509419805088934,0.011375387361948
2003,0.212266177847656,0.201294150416387,0.282374842278968,0.287303765574279,0.10168276165338,0.127344480076987,39441474,0.349513330851013,36954.25,68916,201301.5,383330.5,53.9,-0.656571509716848,6.136446425,FALSE,0.536221632131871,0.525138229282564,0.011501927331917
2004,0.209363933092308,0.19938190077602,0.281016962961707,0.286762339834971,0.104464106808894,0.128374689618407,39865444,0.139316086310887,39477.25,72014.75,216298,399503.5,57.75,-0.445465687020052,5.64733513333333,FALSE,0.548182837543698,0.54141703389332,0.0106919812205746
2005,0.21182584903075,0.197423888493166,0.279887726742597,0.28609984792468,0.107139203732754,0.129449333106803,40353688,0.29949924012873,42522.5,74213.5,231712.75,412109.5,63.375,-0.13703185515785,5.19026225833333,FALSE,0.572975267303119,0.562260151731518,0.0121729073052421
2006,0.212412419007234,0.195706501101219,0.278561364778564,0.28609108244569,0.10937512682775,0.130265924846777,40901932,0.0956170613483497,45747.5,76543.75,250446.75,423528.75,70.125,0.233088743076793,4.96704536666667,FALSE,0.597664734220626,0.591333528125304,0.0134945083098899
2007,0.211222252546474,0.194302594890574,0.278090508844457,0.285333822555451,0.110879773024496,0.131393300685023,41655244,0.083240904691632,49496.5,78900.5,272975.5,439578.25,75.2,0.511364600268025,4.517008975,FALSE,0.627328090443026,0.620994100595287,0.0182499679529258
2008,0.211897624501369,0.192990615787447,0.27917880575169,0.283521275319601,0.112296468210402,0.13201283493086,42498398,0.0896051634462836,53327,81335.5,295559,455508.5,79.4,0.741661861391802,4.23845944166667,FALSE,0.655642370182762,0.648855070761577,0.0200391140524268
2009,0.217097839657379,0.191688480356937,0.281098909336232,0.281253577124805,0.112701968817222,0.133257064364804,43383306,-0.0130946410117419,58066.5,84704.5,316385,464413,85.1,1.0542081443455,4.91560689166667,FALSE,0.6855184789474,0.681257845925932,0.0206083316277237
2010,0.229146778773192,0.190574874896456,0.280983353569281,0.279280356757861,0.113599101296992,0.13556231347941,44063500,0.668557601332629,61309,86100.25,326832,474676.75,81.875,0.877372747411171,5.46524735,FALSE,0.712065295977654,0.688535935244353,0.0155570626204131
2011,0.22378924586109,0.189507987994999,0.280190074997234,0.27739692669981,0.114681747879949,0.138223262428008,44680048,0.274467480824407,66161.75,88787.5,355770,486044,98.9,1.81089914518077,5.03642920833333,FALSE,0.745169646628185,0.73197076807861,0.0138952731561801
2012,0.224606658813581,0.189324152741344,0.280544298900322,0.274858012186,0.113902522118824,0.141371014053511,45466930,0.66503998812666,70934.25,92164,376073,505254.5,99.075,1.82049486439426,5.16509383333333,FALSE,0.769652467340827,0.744323900133497,0.017458200006736
2013,0.220498768879661,0.189290106432734,0.2808961762536,0.272005487344004,0.113811367966687,0.143996862002975,46256258,1.06425984272393,72463,92690.75,386030.5,518666.5,89.875,1.31603419717075,5.43713300833333,FALSE,0.781771643880323,0.744274982093503,0.0172115143998894
2014,0.218690672273561,0.189120011232047,0.280847000594573,0.269220162511971,0.114186737716632,0.146626087944778,46951372,1.18913053898484,75081.75,94220.25,401767.25,532157.75,86.65,1.13919880023642,5.84898696666667,FALSE,0.796874875623871,0.754977729817897,0.0149156648912836
2015,0.22240829654276,0.188928365159633,0.280670700510308,0.26662438415863,0.114536344167019,0.14924020600441,47631990,1.77020179687951,77908.75,96297,407543.25,543675.75,77.525,0.638850584104401,6.160718175,FALSE,0.809046491583331,0.749607187740119,0.0143921665259938
2016,0.231214748078889,0.189021312842879,0.280171760405676,0.264051447099524,0.114952531544187,0.151802948107733,48381814,2.30701810103539,82773.75,100919.75,416067.75,558657.5,69.85,0.218009755741307,5.87422403333333,FALSE,0.820193767820471,0.744763562647955,0.0156194049810381
2017,0.233971293764707,0.188504804781018,0.279484859421871,0.26247180654594,0.115497767050788,0.154040762200383,49185176,1.60751004195441,87631.25,105867.25,441001.75,571469.5,79.675,0.756740848727287,5.69797135833333,FALSE,0.827746541069122,0.771697789645817,0.0164682779735017
2018,0.236850972732972,0.187707630149879,0.278314913862606,0.26152728141495,0.115894367634225,0.156555806938341,49926516,1.51579894345216,92118.75,109616.5,462215.75,587894.25,81.25,0.843102321648704,5.50267155833333,FALSE,0.840373027783226,0.786222607212096,0.0149599671041329
2019,0.241602830028427,0.186748233439614,0.276834385994994,0.260874892134645,0.11634830253028,0.159194185900468,50669652,1.2669878445606,99122.25,115122.75,488617,600792.75,85.9,1.09807428932146,5.1243179,FALSE,0.861013570297791,0.813287111071164,0.0147749071058456
2020,0.257884653803902,0.185475691139171,0.272314377403969,0.26171738056414,0.117220668613754,0.163271882278966,51298496,1.26680670899779,108361,123616.5,496795.75,599990.5,86.55,1.13371553211442,5.62917083333333,TRUE,0.876590099218146,0.82800602676209,0.0123342825131374
2021,0.262641747034442,0.184886347160793,0.265631401980237,0.264087490595829,0.117430975995246,0.167963784267895,51370824,0.787442941765988,116859,131734.75,522519.75,612032,95.2,1.60801822466697,6.23922885833333,TRUE,0.887078010927261,0.853745800873157,0.00140895083292847
2022,0.258469326219235,0.183102697476944,0.26586352957165,0.264289432213059,0.11635256782991,0.170391772908438,52037442,-0.245240929669514,128655.5,140797.25,584941.75,638062,106.925,2.25093141197084,4.30455673333333,FALSE,0.913764295822539,0.916747510430021,0.0128931130985528
2023,0.251533642313157,0.179316016003348,0.272137930486068,0.263337829720582,0.11416102417704,0.171047199612962,53319844,-0.646242368421509,136872,143277.5,644055,660929.25,106.725,2.23996487572686,3.560699325,FALSE,0.955293050199787,0.9744689011721,0.0243450716351532
2024,0.261924678699111,0.17632248186255,0.275094223838052,0.263041434513118,0.112801233317911,0.172740626468369,54388572,-0.154171061991973,148458.75,148378.5,670049.5,670006,100.025,1.87258591155321,3.87483574166667,FALSE,1.00054084655122,1.00006492479172,0.0198454886891568
2025,0.271156557770968,0.173979771704246,0.275554519415541,0.263270549960729,0.11192506935454,0.175270089564944,55222052,0.0961274273372744,160195.25,155028.75,693951.5,678775,95.9,1.64640110152093,4.0927698,FALSE,1.03332607661482,1.02235866082281,0.0152083079967369
