year,sample,spending_pp,0_14,65_74,75p,65p,unemployment,tot_z,rp_z,log_real_gdp_per_capita,age_0_14_pp,age_65_74_pp,age_75p_pp,age_65p_pp,relative_price,terms_of_trade,log_relative_price,log_terms_of_trade,covid_fy2020,d_covid_fy2020,covid_fy2021,d_covid_fy2021,covid_fy2022,d_covid_fy2022,dy,d_age_0_14_pp,d_age_65_74_pp,d_age_75p_pp,d_age_65p_pp,d_log_relative_price,d_log_real_gdp_per_capita,d_unemployment,d_log_terms_of_trade,d_unemployment_l1,d_log_terms_of_trade_l1,spending_lag_pp
1980,history,31.4282533674719,0.25252834977254,0.0621752885741591,0.0339963863413721,0.0961716749155311,6.16142528333333,-0.564634772728929,-1.10829365862547,-3.00880761072013,25.252834977254,6.21752885741591,3.39963863413721,9.61716749155311,0.983978408014473,53.8,-0.0161513252453593,3.98527346716774,0,,0,,0,,,,,,,,,,,,,
1981,history,32.1981180877047,0.249646524955003,0.0628331879227461,0.0346655489484201,0.0974987368711662,5.845407475,-0.609861698316938,-0.43157996508378,-2.99131806418218,24.9646524955003,6.28331879227461,3.46655489484201,9.74987368711662,1.00441853145135,53.075,0.00440879840125078,3.97170600758932,0,0,0,0,0,0,0.769864720232803,-0.288182481753701,0.0657899348587003,0.0669162607047995,0.132706195563511,0.0205601236466101,0.0174895465379499,-0.31601780833333,-0.0135674595784185,,,31.4282533674719
1982,history,32.1765360843483,0.246636267178741,0.0632817024117166,0.0354237519977118,0.0987054544094284,6.1401982,-0.661326820537777,0.0774972448369878,-2.97591363004503,24.6636267178741,6.32817024117166,3.54237519977118,9.87054544094284,1.01979519828843,52.25,0.0196018211442415,3.95603989084492,0,0,0,0,0,0,-0.0215820033564,-0.301025777626201,0.0448514488970506,0.0758203049291701,0.120671753826221,0.0151930227429907,0.01540443413715,0.294790725,-0.0156661167443994,-0.31601780833333,-0.0135674595784185,32.1981180877047
1983,history,34.6135629256176,0.243676020588468,0.0634038246862047,0.0363631414667204,0.0997669661529251,8.940234075,-0.694077352860128,0.118288963472601,-3.01210704141527,24.3676020588468,6.34038246862047,3.63631414667204,9.97669661529251,1.02102731132541,51.725,0.0208092884089089,3.94594122363161,0,0,0,0,0,0,2.4370268412693,-0.296024659027299,0.0122122274488099,0.09393894690086,0.106151174349669,0.00120746726466737,-0.03619341137024,2.800035875,-0.0100986672133132,0.294790725,-0.0156661167443994,32.1765360843483
1984,history,34.8398490058305,0.239791465532895,0.0635175662514665,0.0374996044453856,0.101017170696852,9.64100325833333,-0.639493132322875,-0.412735532992449,-2.97948001632149,23.9791465532895,6.35175662514665,3.74996044453856,10.1017170696852,1.00498772714182,52.6,0.00497532963728921,3.96271611974366,0,0,0,0,0,0,0.226286080212894,-0.3884555055573,0.0113741565261796,0.11364629786652,0.125020454392688,-0.0158339587716197,0.0326270250937801,0.70076918333333,0.0167748961120573,2.800035875,-0.0100986672133132,34.6135629256176
1985,history,35.481339785977,0.235968290973728,0.0640143164133063,0.038658407561239,0.102672723974545,8.611149875,-0.67068411548702,0.0429197956547771,-2.94132911066459,23.5968290973728,6.40143164133063,3.8658407561239,10.2672723974545,1.0187507871347,52.1,0.0185771582201982,3.95316494875932,0,0,0,0,0,0,0.641490780146505,-0.382317455916699,0.0496750161839792,0.11588031158534,0.165555327769301,0.013601828582909,0.0381509056569,-1.02985338333333,-0.00955117098434322,0.70076918333333,0.0167748961120573,34.8398490058305
1986,history,35.3111194481238,0.230954998486111,0.0651345488143286,0.0398769536188184,0.105011502433147,7.93674520833333,-0.987272594603088,0.237722666637494,-2.91686539954489,23.0954998486111,6.51345488143286,3.98769536188184,10.5011502433147,1.02463480391572,47.025,0.0243362602417049,3.85067937518709,0,0,0,0,0,0,-0.170220337853195,-0.501329248761699,0.112023240102231,0.12185460575794,0.233877845860199,0.00575910202150671,0.0244637111196999,-0.67440466666667,-0.102485573572227,-1.02985338333333,-0.00955117098434322,35.481339785977
1987,history,35.2234222602202,0.226719906954518,0.0661065746082391,0.0408351663324495,0.106941740940689,8.25127596666667,-1.13854886294919,-0.114238235632554,-2.90682936978109,22.6719906954518,6.61065746082391,4.08351663324495,10.6941740940689,1.01400383197587,44.6,0.0139066842307574,3.79773385902602,0,0,0,0,0,0,-0.0876971879036077,-0.423509153159301,0.09720257939105,0.0958212713631101,0.193023850754201,-0.0104295760109475,0.0100360297638002,0.31453075833334,-0.0529455161610755,-0.67440466666667,-0.102485573572227,35.3111194481238
1988,history,32.9278797051694,0.223747538434775,0.0666458426132235,0.0417115992800459,0.108357441893269,7.76453036666667,-0.903056940059898,-1.09294714596988,-2.86717683751487,22.3747538434775,6.66458426132235,4.17115992800459,10.8357441893269,0.984441949119078,48.375,-0.0156803474773292,3.87898315134995,0,0,0,0,0,0,-2.29554255505079,-0.297236851974301,0.0539268004984397,0.0876432947596397,0.141570095257999,-0.0295870317080866,0.0396525322662198,-0.4867456,0.0812492923239274,0.31453075833334,-0.0529455161610755,35.2234222602202
1989,history,31.3529456414483,0.221531214643435,0.0670766085482838,0.0427395753738935,0.109816183922177,6.6080013,-0.463264077445458,-2.01698499504997,-2.84604888889513,22.1531214643435,6.70766085482838,4.27395753738935,10.9816183922177,0.956531404562644,55.425,-0.0444416578518496,4.01503075550238,0,0,0,0,0,0,-1.57493406372111,-0.221632379134,0.0430765935060302,0.10279760938476,0.1458742028908,-0.0287613103745204,0.02112794861974,-1.15652906666667,0.136047604152429,-0.4867456,0.0812492923239274,32.9278797051694
1990,history,31.4457837257625,0.220039017580179,0.067440279381438,0.0435100164499206,0.110950295831359,6.137854975,-0.441430389230557,-1.80459381932488,-2.82574408962838,22.0039017580179,6.7440279381438,4.35100164499206,11.0950295831359,0.962946675732943,55.775,-0.0377572417878284,4.0213257403186,0,0,0,0,0,0,0.0928380843142023,-0.149219706325599,0.0363670833154197,0.0770441076027097,0.113411190918201,0.00668441606402116,0.02030479926675,-0.470146325,0.00629498481622104,-1.15652906666667,0.136047604152429,31.3529456414483
1991,history,33.2630546466873,0.219018868046792,0.0683951942705974,0.0444670446185139,0.112862238889111,8.36738983333333,-0.622338091582596,-1.31512341670117,-2.84234205578416,21.9018868046792,6.83951942705974,4.44670446185139,11.2862238889111,0.977731119351876,52.875,-0.0225205758353111,3.96793063736644,0,0,0,0,0,0,1.8172709209248,-0.102014953338699,0.0954914889159397,0.0957028168593297,0.191194305775198,0.0152366659525173,-0.0165979661557798,2.22953485833333,-0.0533951029521544,-0.470146325,0.00629498481622104,31.4457837257625
1992,history,35.0995361035053,0.218156566573992,0.0691493929588895,0.0453817474877186,0.114531140446608,10.276053525,-0.731506532657102,-0.47954058597769,-2.84921870536879,21.8156566573992,6.91493929588895,4.53817474877186,11.4531140446608,1.00296988186655,51.125,0.00296548047964151,3.93427361436297,0,0,0,0,0,0,1.836481456818,-0.086230147280002,0.0754198688292105,0.0914702869204707,0.166890155749702,0.0254860563149526,-0.00687664958463019,1.90866369166667,-0.0336570230034763,2.22953485833333,-0.0533951029521544,33.2630546466873
1993,history,35.1029729766181,0.217255271506217,0.0701489916986905,0.0462485330149327,0.116397524713623,10.931649625,-0.859389563630095,-0.24463474890235,-2.8184517901988,21.7255271506217,7.01489916986905,4.62485330149327,11.6397524713623,1.0100652079279,49.075,0.0100148910739661,3.89334974016253,0,0,0,0,0,0,0.00343687311280405,-0.0901295067774974,0.0999598739801,0.08667855272141,0.186638426701499,0.00704941059432457,0.0307669151699899,0.6555961,-0.0409238742004407,1.90866369166667,-0.0336570230034763,35.0995361035053
1994,history,34.9054038720506,0.216269013541234,0.0710154880511987,0.0469159810907526,0.117931469141951,10.5257248083333,-0.945164767331493,-0.327560140913459,-2.78906544247555,21.6269013541234,7.10154880511987,4.69159810907526,11.7931469141951,1.00756044813815,47.7,0.00753201119089306,3.8649313978943,0,0,0,0,0,0,-0.197569104567506,-0.0986257964983004,0.0866496352508195,0.0667448075819896,0.1533944428328,-0.00248287988307302,0.0293863477232503,-0.405924816666701,-0.0284183422682296,0.6555961,-0.0409238742004407,35.1029729766181
1995,history,34.2982796741621,0.215251230194122,0.0709500345517399,0.0480887350441952,0.119038769595935,8.91635665,-0.840674973731608,-0.790607701029291,-2.76203866905632,21.5251230194122,7.09500345517399,4.80887350441952,11.9038769595935,0.993574105943155,49.375,-0.00644662898877391,3.89944422322129,0,0,0,0,0,0,-0.607124197888496,-0.101778334711199,-0.00654534994587941,0.11727539534426,0.1107300453984,-0.013978640179667,0.0270267734192298,-1.6093681583333,0.0345128253269906,-0.405924816666701,-0.0284183422682296,34.9054038720506
1996,history,34.0383693588626,0.213697437119498,0.0707250742903874,0.0495639258378447,0.120289000128232,8.39426749166667,-0.748661573397382,-0.956111401866439,-2.73624977569256,21.3697437119498,7.07250742903874,4.95639258378447,12.0289000128232,0.988575070004239,50.85,-0.01149069590222,3.92888012249457,0,0,0,0,0,0,-0.2599103152995,-0.1553793074624,-0.0224960261352507,0.14751907936495,0.1250230532297,-0.0050440669134461,0.0257888933637602,-0.522089158333332,0.0294358992732828,-1.6093681583333,0.0345128253269906,34.2982796741621
1997,history,33.5572627680193,0.212146944067908,0.070213016453259,0.0512119690146635,0.121424985467923,8.58668215833333,-0.655088623904948,-0.876258756680379,-2.7086377904208,21.2146944067908,7.0213016453259,5.12119690146635,12.1424985467923,0.990987017538242,52.35,-0.00905384510300273,3.95795193731655,0,0,0,0,0,0,-0.481106590843304,-0.155049305159004,-0.051205783712839,0.16480431768188,0.1135985339691,0.00243685079921728,0.02761198527176,0.192414666666661,0.0290718148219766,-0.522089158333332,0.0294358992732828,34.0383693588626
1998,history,32.7061812023709,0.21047982371059,0.0696811579622588,0.0527691289745085,0.122450286936767,7.98154186666667,-0.675362762961642,-0.789773247838848,-2.67289690625734,21.047982371059,6.96811579622588,5.27691289745085,12.2450286936767,0.993599310584908,52.025,-0.00642126165893291,3.9517243722797,0,0,0,0,0,0,-0.8510815656484,-0.166712035731798,-0.0531858491000214,0.1557159959845,0.1025301468844,0.00263258344406982,0.0357408841634599,-0.60514029166666,-0.00622756503684752,0.192414666666661,0.0290718148219766,33.5572627680193
1999,history,33.283494933809,0.208909039337317,0.069104654282972,0.054305584909929,0.123410239192901,7.28284664166667,-0.831317678782365,0.133370596509873,-2.6347785491868,20.8909039337317,6.9104654282972,5.4305584909929,12.3410239192901,1.0214828517465,49.525,0.0212553478086383,3.90247759258462,0,0,0,0,0,0,0.577313731438096,-0.1570784373273,-0.0576503679286793,0.15364559354205,0.0959952256134002,0.0276766094675712,0.0381183570705401,-0.698695225,-0.0492467796950833,-0.60514029166666,-0.00622756503684752,32.7061812023709
2000,history,33.2033497507267,0.207230176655367,0.068422909650329,0.0558234827394809,0.12424639238981,6.61517403333333,-0.714351491916823,0.0411843440200667,-2.60781002999761,20.7230176655367,6.8422909650329,5.58234827394809,12.424639238981,1.01869836785315,51.4,0.0185257024266283,3.93963817246112,0,0,0,0,0,0,-0.0801451830822941,-0.167886268195002,-0.0681744632642998,0.15178978295519,0.0836153196908995,-0.00272964538200997,0.02696851918919,-0.66767260833334,0.0371605798765047,-0.698695225,-0.0492467796950833,33.283494933809
2001,history,34.0755090473814,0.205462746218476,0.0680664773995716,0.0574384526120535,0.125504930011625,6.34935573333333,-0.651969525588533,0.030866784549386,-2.60053941042877,20.5462746218476,6.80664773995716,5.74384526120535,12.5504930011625,1.01838672617786,52.4,0.0182197341795129,3.958906591327,0,0,0,0,0,0,0.872159296654701,-0.1767430436891,-0.0356432250757406,0.16149698725726,0.125853762181499,-0.000305968247115363,0.0072706195688399,-0.2658183,0.0192684188658769,-0.66767260833334,0.0371605798765047,33.2033497507267
2002,history,33.6841924652616,0.203363082521296,0.0679451516552015,0.0585304800512536,0.126475631706455,6.71983025833333,-0.606742600000524,-0.0465661781903574,-2.57317614304176,20.3363082521296,6.79451516552015,5.85304800512536,12.6475631706455,1.01604786510324,53.125,0.0159204593686773,3.97264762724458,0,0,0,0,0,0,-0.391316582119806,-0.209966369717996,-0.0121325744370093,0.10920274392001,0.0970701694830023,-0.00229927481083563,0.0273632673870101,0.370474525,0.0137410359175845,-0.2658183,0.0192684188658769,34.0755090473814
2003,history,33.1848026814999,0.201294150416387,0.0677877809536226,0.0595566991233644,0.127344480076987,6.136391425,-0.558396576096099,0.120588750576867,-2.554234098206,20.1294150416387,6.77877809536226,5.95566991233644,12.7344480076987,1.02109677634842,53.9,0.0208773205362915,3.98713047791495,0,0,0,0,0,0,-0.4993897837617,-0.2068932104909,-0.0157370701578898,0.10262190721108,0.0868848370531996,0.0049568611676142,0.01894204483576,-0.58343883333333,0.0144828506703707,0.370474525,0.0137410359175845,33.6841924652616
2004,history,33.1178145143487,0.19938190077602,0.0678986041143804,0.060476085504027,0.128374689618407,5.647281625,-0.318226005732186,-0.163681515352709,-2.5236017204419,19.938190077602,6.78986041143804,6.0476085504027,12.8374689618407,1.01251039871118,57.75,0.012432790277852,4.0561233494019,0,0,0,0,0,0,-0.0669881671512016,-0.191224964036703,0.0110823160757789,0.0919386380662601,0.103020954142,-0.00844453025843951,0.0306323777640998,-0.489109800000001,0.0689928714869517,-0.58343883333333,0.0144828506703707,33.1848026814999
2005,history,33.096688993233,0.197423888493166,0.0680964277664039,0.0613529053403991,0.129449333106803,5.190216225,0.0357916531808558,0.052975763772323,-2.50470743735316,19.7423888493166,6.80964277664039,6.13529053403991,12.9449333106803,1.01905452744846,63.425,0.0188752635532568,4.14985810548535,0,0,0,0,0,0,-0.0211255211156995,-0.195801228285397,0.0197823652023503,0.0876819836372098,0.107464348839601,0.00644247327540486,0.01889428308874,-0.457065399999999,0.0937347560834425,-0.489109800000001,0.0689928714869517,33.1178145143487
2006,history,32.8588183038633,0.195706501101219,0.0683221027309908,0.0619438221157866,0.130265924846777,4.96700215,0.453750827580394,-0.226315189320735,-2.4908702282314,19.5706501101219,6.83221027309908,6.19438221157866,13.0265924846777,1.01061854985482,70.125,0.0105625689959764,4.25027936384286,0,0,0,0,0,0,-0.237870689369693,-0.171738739194701,0.0225674964586906,0.05909167753875,0.0816591739973962,-0.00831269455728045,0.01383720912176,-0.223214075,0.100421258357515,-0.457065399999999,0.0937347560834425,33.096688993233
2007,history,32.4508714879261,0.194302594890574,0.069181445678244,0.062211855006779,0.131393300685023,4.51696709166667,0.770339306696462,-0.242829914345732,-2.4719252598438,19.4302594890574,6.9181445678244,6.2211855006779,13.1393300685023,1.01011972291921,75.2,0.0100688613719198,4.32015123095579,0,0,0,0,0,0,-0.407946815937201,-0.140390621064501,0.0859342947253197,0.0268032890992398,0.112737583824602,-0.000493707624056582,0.0189449683876002,-0.45003505833333,0.0698718671129335,-0.223214075,0.100421258357515,32.8588183038633
2008,history,32.3381864225715,0.192990615787447,0.0698867284362107,0.0621261064946495,0.13201283493086,4.23842073333333,1.03234356527528,-0.232486620529592,-2.45636574106639,19.2990615787447,6.98867284362107,6.21261064946495,13.201283493086,1.01043214189989,79.4,0.010378102612994,4.37449836825309,0,0,0,0,0,0,-0.112685065354597,-0.1311979103127,0.0705282757966703,-0.00857485121294932,0.0619534245836988,0.000309241241074221,0.01555951877741,-0.27854635833334,0.0543471372972961,-0.45003505833333,0.0698718671129335,32.4508714879261
2009,history,34.5384537584586,0.191688480356937,0.0712790767951156,0.0619779875696887,0.133257064364804,4.91556385833333,1.38792077334653,-0.371769227657141,-2.45761474580509,19.1688480356937,7.12790767951156,6.19779875696887,13.3257064364804,1.00622511356653,85.1000000000001,0.00620581758545228,4.44382703557933,0,0,0,0,0,0,2.2002673358871,-0.130213543050999,0.139234835890489,-0.0148118924960805,0.124422943394402,-0.00417228502754174,-0.00124900473870015,0.677143125000001,0.0693286673262392,-0.27854635833334,0.0543471372972961,32.3381864225715
2010,history,34.8802343681278,0.190574874896456,0.073225640269157,0.0623366732102534,0.13556231347941,5.46519756666667,1.188298481096,0.553439392952957,-2.45131146659701,19.0574874896456,7.3225640269157,6.23366732102534,13.556231347941,1.03417102125337,81.9,0.0336001601400718,4.40549899085902,0,0,0,0,0,0,0.3417806096692,-0.1113605460481,0.19465634740414,0.0358685640564707,0.2305249114606,0.0273943425546195,0.00630327920808016,0.54963370833334,-0.0383280447203056,0.677143125000001,0.0693286673262392,34.5384537584586
2011,history,33.7557068560976,0.189507987994999,0.0752877884106123,0.0629354740173959,0.138223262428008,5.036379075,2.24723235951871,0.0196996780223984,-2.44154163102703,18.9507987994999,7.52877884106123,6.29354740173959,13.8223262428008,1.0180494239509,98.875,0.0178884669998167,4.59385642608782,0,0,0,0,0,0,-1.1245275120302,-0.106688690145699,0.206214814145531,0.0598800807142492,0.266094894859799,-0.0157116931402551,0.00976983556997979,-0.42881849166667,0.188357435228793,0.54963370833334,-0.0383280447203056,34.8802343681278
2012,history,34.0366551662246,0.189324152741344,0.0781452805368649,0.0632257335166461,0.141371014053511,5.16504185,2.25970875278437,0.548633177277999,-2.42023672308963,18.9324152741344,7.81452805368649,6.32257335166461,14.1371014053511,1.03402584960604,99.075,0.033459775392748,4.5958771390765,0,0,0,0,0,0,0.280948310126995,-0.0183835253655005,0.28574921262526,0.0290259499250203,0.314775162550299,0.0155713083929313,0.0213049079374001,0.128662775,0.00202071298868134,-0.42881849166667,0.188357435228793,33.7557068560976
2013,history,33.5789108971806,0.189290106432734,0.0803806049334989,0.0636162570694759,0.143996862002975,5.43707873333333,1.68735421172231,1.09019068222321,-2.41124988748753,18.9290106432734,8.03806049334989,6.36162570694759,14.3996862002975,1.0503835830979,89.8999999999999,0.0491554146934352,4.49869794147757,0,0,0,0,0,0,-0.457744269043992,-0.00340463086099874,0.2235324396634,0.0390523552829807,0.262584794946402,0.0156956393006872,0.00898683560210012,0.27203688333333,-0.0971791975989253,0.128662775,0.00202071298868134,34.0366551662246
2014,history,33.6198082768878,0.189120011232047,0.0823152090209419,0.0643108789238363,0.146626087944778,5.84889219166667,1.48461282115537,1.26080803832885,-2.4004857273775,18.9120011232047,8.23152090209419,6.43108789238363,14.6626087944778,1.05553707689086,86.6499999999999,0.0540497150136418,4.46187701616161,0,0,0,0,0,0,0.0408973797071965,-0.0170095200687008,0.193460408744299,0.0694621854360396,0.262922594180298,0.0048943003202066,0.0107641601100297,0.411813458333341,-0.0368209253159595,0.27203688333333,-0.0971791975989253,33.5789108971806
2015,history,33.9910313901345,0.188928365159633,0.0842580794965736,0.0649821265078364,0.14924020600441,6.160683775,0.913817829251527,2.04792785160186,-2.39346531027808,18.8928365159633,8.42580794965736,6.49821265078364,14.924020600441,1.07931201494288,77.5,0.0763238149496058,4.3502779363593,0,0,0,0,0,0,0.3712231132467,-0.0191646072414002,0.19428704756317,0.0671247584000101,0.261411805963199,0.022274099935964,0.00702041709942014,0.31179158333333,-0.111599079802312,0.411813458333341,-0.0368209253159595,33.6198082768878
2016,history,34.606272363207,0.189021312842879,0.086117854117665,0.0656850939900683,0.151802948107733,5.874184875,0.438155335998322,2.77525302083691,-2.3819011524891,18.9021312842879,8.6117854117665,6.56850939900683,15.1802948107733,1.10128085698021,69.875,0.0964739178350273,4.24670793147526,0,0,0,0,0,0,0.615240973072503,0.00929476832460097,0.18597746210914,0.0702967482231909,0.256274210332302,0.0201501028854214,0.01156415778898,-0.2864989,-0.103570004884038,0.31179158333333,-0.111599079802312,33.9910313901345
2017,history,34.1654398405476,0.188504804781018,0.087541498275822,0.0664992639245613,0.154040762200383,5.697882975,1.04949860601556,1.82650595484989,-2.37569533857434,18.8504804781018,8.7541498275822,6.64992639245613,15.4040762200383,1.07262397102648,79.6750000000001,0.0701079558406256,4.3779558603034,0,0,0,0,0,0,-0.440832522659406,-0.0516508061860996,0.142364415815701,0.0814169934492997,0.223781409265001,-0.0263659619944017,0.00620581391476005,-0.1763019,0.131247928828138,-0.2864989,-0.103570004884038,34.606272363207
2018,history,34.04240934401,0.187707630149879,0.0892320225188555,0.0673237844194856,0.156555806938341,5.50254788333333,1.14775020298261,1.70253064153967,-2.36231847165957,18.7707630149879,8.92320225188555,6.73237844194856,15.6555806938341,1.06887929919352,81.25,0.0666107156526728,4.39753082120985,0,0,0,0,0,0,-0.123030496537602,-0.0797174631139015,0.169052424303349,0.0824520494924288,0.251504473795798,-0.00349724018795276,0.0133768669147698,-0.19533509166667,0.0195749609064455,-0.1763019,0.131247928828138,34.1654398405476
2019,history,34.0792684143503,0.186748233439614,0.0904701299310285,0.0687240559694391,0.159194185900468,5.12419361666667,1.43626679725095,1.36422865032062,-2.35539085566388,18.6748233439614,9.04701299310285,6.87240559694391,15.9194185900468,1.05866089438591,85.875,0.0570048022956597,4.45289275054251,0,0,0,0,0,0,0.0368590703403058,-0.0959396710264997,0.123810741217302,0.140027154995352,0.263837896212699,-0.00960591335701315,0.00692761599569014,-0.37835426666666,0.0553619293326664,-0.19533509166667,0.0195749609064455,34.04240934401
2020,history,39.3181241849007,0.185475691139171,0.0925498868426864,0.0707219954362795,0.163271882278966,5.62885295,1.48149372283896,1.3599109865967,-2.36906176622635,18.5475691139171,9.25498868426864,7.07219954362795,16.3271882278966,1.05853047944039,86.6,0.0568816061148162,4.46129981556839,1,1,0,0,0,0,5.23885577055039,-0.127254230044301,0.207975691165791,0.199793946684038,0.4077696378498,-0.000123196180843478,-0.0136709105624697,0.50465933333333,0.00840706502587629,-0.37835426666666,0.0553619293326664,34.0792684143503
2021,history,41.5593685445313,0.184886347160793,0.0945011900140048,0.0734625942538901,0.167963784267895,6.23935811666667,2.01797863326225,0.712108910316471,-2.35059955341631,18.4886347160793,9.45011900140048,7.34625942538901,16.7963784267895,1.03896363081858,95.2,0.0382237074799735,4.55597994179732,0,-1,1,1,0,0,2.24124435963061,-0.058934397837799,0.195130317131838,0.27405988176106,0.4691901988929,-0.0186578986348427,0.0184622128100398,0.610505166666671,0.0946801262289307,0.50465933333333,0.00840706502587629,39.3181241849007
2022,history,37.0772320697757,0.183102697476944,0.0940807582355797,0.0763110146728581,0.170391772908438,4.3048022,2.74628809014502,-0.683573278980883,-2.32184138612393,18.3102697476944,9.40807582355797,7.63110146728581,17.0391772908438,0.996807078497935,106.875,-0.00319802975231697,4.67165992725692,0,0,0,-1,1,1,-4.4821364747556,-0.178364968384901,-0.0420431778425101,0.284842041896801,0.242798864054301,-0.0414217372322905,0.0287581672923798,-1.93455591666667,0.115679985459603,0.610505166666671,0.0946801262289307,41.5593685445313
2023,history,34.3482881928863,0.179316016003348,0.0932465218765456,0.0778006777364165,0.171047199612962,3.5604815,2.73693079519578,-1.22717627745194,-2.31097550754981,17.9316016003348,9.32465218765456,7.78006777364165,17.1047199612962,0.980387560915466,106.725,-0.0198073151733925,4.67025543264403,0,0,0,0,0,-1,-2.7289438768894,-0.378668147359598,-0.083423635903408,0.148966306355839,0.0655426704524018,-0.0166092854210755,0.01086587857412,-0.7443207,-0.00140449461289727,-1.93455591666667,0.115679985459603,37.0772320697757
2024,history,35.4590643296671,0.17632248186255,0.0931563711582646,0.0795842553101045,0.172740626468369,3.87445154166667,2.32053116995445,-0.564069904318708,-2.31718112799746,17.632248186255,9.31563711582646,7.95842553101045,17.2740626468369,1.00041667551441,100.05,0.000416588729278212,4.60567006102974,0,0,0,0,0,0,1.1107761367808,-0.2993534140798,-0.00901507182810057,0.178357757368802,0.169342685540698,0.0202239039026707,-0.00620562044764972,0.31397004166667,-0.0645853716142835,-0.7443207,-0.00140449461289727,34.3482881928863
2025,history,36.4354044063882,0.173979771704246,0.0934652699975727,0.0818048195673714,0.175270089564944,4.09257875,2.06476510800846,-0.221730120587435,-2.31925271278414,17.3979771704246,9.34652699975727,8.18048195673714,17.5270089564944,1.01075704176325,95.9499999999999,0.0106995963838749,4.56382722245371,0,0,0,0,0,0,0.976340076721101,-0.234271015830402,0.0308898839308096,0.222056425726689,0.252946309657499,0.0102830076545967,-0.0020715847866799,0.218127208333331,-0.0418428385760343,0.31397004166667,-0.0645853716142835,35.4590643296671
2026,projection,,0.170915603985457,0.0942452550256152,0.0840957110222117,0.178340966047827,4.4,1.71265580686439,-0.190054389074944,-2.30260323850761,17.0915603985457,9.42452550256152,8.40957110222117,17.8340966047827,1.01171380659341,90.3055914975319,0.0116457310609807,4.50319937985176,0,0,0,0,0,0,,-0.306416771878901,0.0779985028042507,0.22908914548403,0.307087648288302,0.000946134677105718,0.0166494742765297,0.30742125,-0.0606278426019475,0.218127208333331,-0.0418428385760343,36.4354044063882
2027,projection,,0.168520311186168,0.0951011496364548,0.0863393229369078,0.181440472573363,4.6,1.36054650572033,-0.158378657562454,-2.30007125346224,16.8520311186168,9.51011496364548,8.63393229369078,18.1440472573363,1.01267057142357,84.661182995064,0.0125909714133442,4.43865720847807,0,0,0,0,0,0,,-0.239529279928899,0.0855894610839592,0.22436119146961,0.309950652553599,0.000945240352363494,0.00253198504537,0.199999999999999,-0.0645421713736907,0.30742125,-0.0606278426019475,
2028,projection,,0.166300639993855,0.0958070451696699,0.0885481950637026,0.184355240233373,4.7,1.00843720457626,-0.126702926049963,-2.31021526604776,16.6300639993855,9.58070451696699,8.85481950637026,18.4355240233373,1.01362733625373,79.016774492596,0.0135353191300727,4.36966016527638,0,0,0,0,0,0,,-0.221967119231302,0.0705895533215095,0.220887212679479,0.291476766000997,0.000944347716728581,-0.0101440125855201,0.100000000000001,-0.0689970432016915,0.199999999999999,-0.0645421713736907,
2029,projection,,0.164430352232462,0.0962886035944341,0.090637151226379,0.186925754820813,4.65,0.656327903432197,-0.0950271945374722,-2.30331489432796,16.4430352232462,9.62886035944341,9.0637151226379,18.6925754820813,1.01458410108389,73.3723659901281,0.0144787758954931,4.29554737958402,0,0,0,0,0,0,,-0.1870287761393,0.0481558424764206,0.208895616267641,0.257051458744002,0.000943456765420394,0.00690037171980018,-0.0499999999999998,-0.0741127856923534,0.100000000000001,-0.0689970432016915,
2030,projection,,0.163102360862525,0.0962379613057189,0.0927128611608284,0.188950822466547,4.6,0.304218602288131,-0.0633514630249814,-2.28805942339694,16.3102360862525,9.62379613057189,9.27128611608284,18.8950822466547,1.01554086591405,67.7279574876601,0.0154213433891686,4.21549905608613,0,0,0,0,0,0,,-0.1327991369937,-0.00506422887151992,0.207570993444939,0.202506764573403,0.000942567493675502,0.0152554709310202,-0.0500000000000007,-0.0800483234978913,-0.0499999999999998,-0.0741127856923534,
2031,projection,,0.161957407819121,0.0958121955656163,0.0947612021747479,0.190573397740364,4.55,-0.0478906988559342,-0.0316757315124907,-2.28167872157361,16.1957407819121,9.58121955656163,9.47612021747479,19.0573397740364,1.01649763074421,62.0835489851922,0.0163630232859184,4.12848104217252,0,0,0,0,0,0,,-0.114495304340398,-0.0425765740102584,0.204834101391951,0.162257527381698,0.000941679896749724,0.00638070182332973,-0.0499999999999998,-0.0870180139136183,-0.0500000000000007,-0.0800483234978913,
2032,projection,,0.161351949543193,0.0952455442578755,0.0967133181341632,0.191958862392039,4.5,-0.4,0,-2.27534245269268,16.1351949543193,9.52455442578755,9.67133181341632,19.1958862392039,1.01745439557437,56.4391404827243,0.0173038172558342,4.03316289800126,0,0,0,0,0,0,,-0.0605458275927973,-0.056665130774082,0.195211595941529,0.138546465167501,0.000940793969915865,0.00633626888093009,-0.0499999999999998,-0.0953181441712569,-0.0499999999999998,-0.0870180139136183,
2033,projection,,0.161000782786589,0.0946941540971313,0.098647555271969,0.1933417093691,4.5,-0.4,0,-2.26884343323506,16.1000782786589,9.46941540971313,9.8647555271969,19.33417093691,1.01745439557437,56.4391404827243,0.0173038172558342,4.03316289800126,0,0,0,0,0,0,,-0.0351166756604044,-0.0551390160744187,0.193423713780581,0.138284697706098,0,0.00649901945761977,0,0,-0.0499999999999998,-0.0953181441712569,
2034,projection,,0.160764732080452,0.094388692211917,0.100523063219456,0.194911755431373,4.5,-0.4,0,-2.26214670432726,16.0764732080452,9.4388692211917,10.0523063219456,19.4911755431373,1.01745439557437,56.4391404827243,0.0173038172558342,4.03316289800126,0,0,0,0,0,0,,-0.0236050706136979,-0.0305461885214307,0.187550794748701,0.157004606227304,0,0.00669672890780015,0,0,0,0,
2035,projection,,0.160776436938602,0.0940787042244468,0.10233156042614,0.196410264650587,4.5,-0.4,0,-2.2552671478498,16.0776436938602,9.40787042244468,10.233156042614,19.6410264650587,1.01745439557437,56.4391404827243,0.0173038172558342,4.03316289800126,0,0,0,0,0,0,,0.00117048581499901,-0.0309987987470208,0.1808497206684,0.149850921921399,0,0.00687955647746019,0,0,0,0,
2036,projection,,0.160738344603183,0.0941583201992984,0.104234455234125,0.198392775433423,4.5,-0.4,0,-2.24820946737433,16.0738344603183,9.41583201992984,10.4234455234125,19.8392775433423,1.01745439557437,56.4391404827243,0.0173038172558342,4.03316289800126,0,0,0,0,0,0,,-0.00380923354189733,0.00796159748516168,0.1902894807985,0.198251078283601,0,0.00705768047546984,0,0,0,0,
2037,projection,,0.160429197620607,0.0945559166678294,0.105112390928503,0.199668307596333,4.5,-0.4,0,-2.23988832837576,16.0429197620607,9.45559166678294,10.5112390928503,19.9668307596333,1.01745439557437,56.4391404827243,0.0173038172558342,4.03316289800126,0,0,0,0,0,0,,-0.0309146982576003,0.0397596468530992,0.0877935694377996,0.127553216290998,0,0.00832113899857001,0,0,0,0,
2038,projection,,0.160120050638031,0.0949535131363604,0.105990326622882,0.200943839759242,4.5,-0.4,0,-2.23146727540549,16.0120050638031,9.49535131363604,10.5990326622882,20.0943839759242,1.01745439557437,56.4391404827243,0.0173038172558342,4.03316289800126,0,0,0,0,0,0,,-0.0309146982576003,0.0397596468530992,0.0877935694379008,0.127553216290899,0,0.00842105297027018,0,0,0,0,
2039,projection,,0.159810903655455,0.0953511096048914,0.106868262317261,0.202219371922152,4.5,-0.4,0,-2.22294827637697,15.9810903655455,9.53511096048914,10.6868262317261,20.2219371922152,1.01745439557437,56.4391404827243,0.0173038172558342,4.03316289800126,0,0,0,0,0,0,,-0.0309146982576021,0.039759646853101,0.0877935694378991,0.127553216291002,0,0.00851899902851994,0,0,0,0,
2040,projection,,0.159501756672879,0.0957487060734224,0.107746198011639,0.203494904085062,4.5,-0.4,0,-2.21433324162994,15.9501756672879,9.57487060734224,10.7746198011639,20.3494904085062,1.01745439557437,56.4391404827243,0.0173038172558342,4.03316289800126,0,0,0,0,0,0,,-0.0309146982576003,0.0397596468530992,0.0877935694377996,0.127553216290998,0,0.00861503474702996,0,0,0,0,
2041,projection,,0.159192609690303,0.0961463025419534,0.108624133706018,0.204770436247971,4.5,-0.4,0,-2.20562402615454,15.9192609690303,9.61463025419534,10.8624133706018,20.4770436247971,1.01745439557437,56.4391404827243,0.0173038172558342,4.03316289800126,0,0,0,0,0,0,,-0.0309146982576003,0.039759646853101,0.0877935694379008,0.127553216290902,0,0.00870921547539982,0,0,0,0,
2042,projection,,0.158883462707728,0.0965438990104844,0.109502069400397,0.206045968410881,4.5,-0.4,0,-2.1968224317092,15.8883462707728,9.65438990104844,10.9502069400397,20.6045968410881,1.01745439557437,56.4391404827243,0.0173038172558342,4.03316289800126,0,0,0,0,0,0,,-0.0309146982575008,0.0397596468530992,0.0877935694379008,0.127553216290998,0,0.00880159444534012,0,0,0,0,
2043,projection,,0.158574315725152,0.0969414954790154,0.110380005094775,0.207321500573791,4.5,-0.4,0,-2.18793020883804,15.8574315725152,9.69414954790154,11.0380005094775,20.7321500573791,1.01745439557437,56.4391404827243,0.0173038172558342,4.03316289800126,0,0,0,0,0,0,,-0.0309146982576003,0.039759646853101,0.0877935694377996,0.127553216291002,0,0.00889222287116009,0,0,0,0,
2044,projection,,0.158265168742576,0.0973390919475464,0.111257940789154,0.2085970327367,4.5,-0.4,0,-2.17894905879367,15.8265168742576,9.73390919475464,11.1257940789154,20.85970327367,1.01745439557437,56.4391404827243,0.0173038172558342,4.03316289800126,0,0,0,0,0,0,,-0.0309146982575967,0.0397596468530992,0.0877935694379008,0.127553216290899,0,0.00898115004436972,0,0,0,0,
2045,projection,,0.15795602176,0.0977366884160774,0.112135876483532,0.20987256489961,4.5,-0.4,0,-2.16988063537063,15.795602176,9.77366884160774,11.2135876483532,20.987256489961,1.01745439557437,56.4391404827243,0.0173038172558342,4.03316289800126,0,0,0,0,0,0,,-0.0309146982576003,0.0397596468530992,0.0877935694377996,0.127553216291002,0,0.00906842342304026,0,0,0,0,
2046,projection,,0.157646874777424,0.0981342848846084,0.113013812177911,0.211148097062519,4.5,-0.4,0,-2.1607265466543,15.7646874777424,9.81342848846084,11.3013812177911,21.1148097062519,1.01745439557437,56.4391404827243,0.0173038172558342,4.03316289800126,0,0,0,0,0,0,,-0.0309146982576003,0.039759646853101,0.0877935694378991,0.127553216290899,0,0.00915408871632994,0,0,0,0,
2047,projection,,0.157337727794848,0.0985318813531394,0.11389174787229,0.212423629225429,4.5,-0.4,0,-2.15148835668996,15.7337727794848,9.85318813531394,11.389174787229,21.2423629225429,1.01745439557437,56.4391404827243,0.0173038172558342,4.03316289800126,0,0,0,0,0,0,,-0.0309146982576003,0.0397596468530992,0.0877935694379008,0.127553216291002,0,0.00923818996434012,0,0,0,0,
2048,projection,,0.157028580812272,0.0989294778216704,0.114769683566668,0.213699161388339,4.5,-0.4,0,-2.14216758707649,15.7028580812272,9.89294778216704,11.4769683566668,21.3699161388339,1.01745439557437,56.4391404827243,0.0173038172558342,4.03316289800126,0,0,0,0,0,0,,-0.0309146982576003,0.039759646853101,0.0877935694377996,0.127553216290998,0,0.00932076961347006,0,0,0,0,
2049,projection,,0.156719433829697,0.0993270742902014,0.115647619261047,0.214974693551248,4.5,-0.4,0,-2.13276571848846,15.6719433829697,9.93270742902014,11.5647619261047,21.4974693551248,1.01745439557437,56.4391404827243,0.0173038172558342,4.03316289800126,0,0,0,0,0,0,,-0.0309146982575008,0.039759646853101,0.0877935694378991,0.127553216290899,0,0.00940186858802994,0,0,0,0,
2050,projection,,0.156410286847121,0.0997246707587324,0.116525554955426,0.216250225714158,4.5,-0.4,0,-2.12328419213072,15.6410286847121,9.97246707587324,11.6525554955426,21.6250225714158,1.01745439557437,56.4391404827243,0.0173038172558342,4.03316289800126,0,0,0,0,0,0,,-0.0309146982576003,0.0397596468530992,0.0877935694379008,0.127553216291002,0,0.00948152635773969,0,0,0,0,
2051,projection,,0.156101139864545,0.100122267227263,0.117403490649804,0.217525757877068,4.5,-0.4,0,-2.11372441112889,15.6101139864545,10.0122267227263,11.7403490649804,21.7525757877068,1.01745439557437,56.4391404827243,0.0173038172558342,4.03316289800126,0,0,0,0,0,0,,-0.0309146982576003,0.0397596468530601,0.0877935694377996,0.127553216290998,0,0.00955978100183019,0,0,0,0,
2052,projection,,0.155791992881969,0.100519863695794,0.118281426344183,0.218801290039977,4.5,-0.4,0,-2.10408774185913,15.5791992881969,10.0519863695794,11.8281426344183,21.8801290039977,1.01745439557437,56.4391404827243,0.0173038172558342,4.03316289800126,0,0,0,0,0,0,,-0.0309146982576003,0.039759646853101,0.0877935694378991,0.127553216290902,0,0.00963666926976003,0,0,0,0,
2053,projection,,0.155482845899393,0.100917460164325,0.119159362038562,0.220076822202887,4.5,-0.4,0,-2.0943755152204,15.5482845899393,10.0917460164325,11.9159362038562,22.0076822202887,1.01745439557437,56.4391404827243,0.0173038172558342,4.03316289800126,0,0,0,0,0,0,,-0.0309146982575967,0.0397596468530992,0.0877935694379008,0.127553216290998,0,0.00971222663872995,0,0,0,0,
2054,projection,,0.155173698916817,0.101315056632856,0.12003729773294,0.221352354365797,4.5,-0.4,0,-2.08458902785213,15.5173698916817,10.1315056632856,12.003729773294,22.1352354365797,1.01745439557437,56.4391404827243,0.0173038172558342,4.03316289800126,0,0,0,0,0,0,,-0.0309146982576003,0.039759646853101,0.0877935694377996,0.127553216291002,0,0.00978648736826981,0,0,0,0,
2055,projection,,0.154864551934241,0.101712653101387,0.120915233427319,0.222627886528706,4.5,-0.4,0,-2.07472954330009,15.4864551934241,10.1712653101387,12.0915233427319,22.2627886528706,1.01745439557437,56.4391404827243,0.0173038172558342,4.03316289800126,0,0,0,0,0,0,,-0.0309146982576003,0.0397596468530992,0.0877935694379008,0.127553216290899,0,0.00985948455204033,0,0,0,0,
2056,projection,,0.154555404951666,0.102110249569918,0.121793169121697,0.223903418691616,4.5,-0.4,0,-2.06479829313305,15.4555404951666,10.2110249569918,12.1793169121697,22.3903418691616,1.01745439557437,56.4391404827243,0.0173038172558342,4.03316289800126,0,0,0,0,0,0,,-0.0309146982575008,0.0397596468530992,0.0877935694377996,0.127553216291002,0,0.00993125016703988,0,0,0,0,
2057,projection,,0.15424625796909,0.102507846038449,0.122671104816076,0.225178950854525,4.5,-0.4,0,-2.05479647801279,15.424625796909,10.2507846038449,12.2671104816076,22.5178950854525,1.01745439557437,56.4391404827243,0.0173038172558342,4.03316289800126,0,0,0,0,0,0,,-0.0309146982576003,0.0397596468530992,0.0877935694379008,0.127553216290899,0,0.0100018151202601,0,0,0,0,
2058,projection,,0.153937110986514,0.10290544250698,0.123549040510455,0.226454483017435,4.5,-0.4,0,-2.0447252687197,15.3937110986514,10.290544250698,12.3549040510455,22.6454483017435,1.01745439557437,56.4391404827243,0.0173038172558342,4.03316289800126,0,0,0,0,0,0,,-0.0309146982576003,0.039759646853101,0.0877935694378991,0.127553216290998,0,0.0100712092930899,0,0,0,0,
2059,projection,,0.153627964003938,0.103303038975511,0.124426976204833,0.227730015180345,4.5,-0.4,0,-2.03458580713618,15.3627964003938,10.3303038975511,12.4426976204833,22.7730015180345,1.01745439557437,56.4391404827243,0.0173038172558342,4.03316289800126,0,0,0,0,0,0,,-0.0309146982576003,0.039759646853101,0.0877935694378014,0.127553216291002,0,0.01013946158352,0,0,0,0,
2060,projection,,0.153318817021362,0.103700635444042,0.125304911899212,0.229005547343254,4.5,-0.4,0,-2.02437920718993,15.3318817021362,10.3700635444042,12.5304911899212,22.9005547343254,1.01745439557437,56.4391404827243,0.0173038172558342,4.03316289800126,0,0,0,0,0,0,,-0.0309146982576003,0.0397596468530992,0.0877935694378991,0.127553216290899,0,0.0102065999462502,0,0,0,0,
2061,projection,,0.153009670038786,0.104098231912573,0.126182847593591,0.230281079506164,4.5,-0.4,0,-2.01410655575905,15.3009670038786,10.4098231912573,12.6182847593591,23.0281079506164,1.01745439557437,56.4391404827243,0.0173038172558342,4.03316289800126,0,0,0,0,0,0,,-0.0309146982576003,0.039759646853101,0.0877935694378991,0.127553216290998,0,0.01027265143088,0,0,0,0,
2062,projection,,0.15270052305621,0.104495828381104,0.127060783287969,0.231556611669074,4.5,-0.4,0,-2.00376891354081,15.270052305621,10.4495828381104,12.7060783287969,23.1556611669074,1.01745439557437,56.4391404827243,0.0173038172558342,4.03316289800126,0,0,0,0,0,0,,-0.0309146982575967,0.0397596468530992,0.0877935694377996,0.127553216291002,0,0.0103376422182397,0,0,0,0,
2063,projection,,0.152391376073635,0.104893424849635,0.127938718982348,0.232832143831983,4.5,-0.4,0,-1.99336731588583,15.2391376073635,10.4893424849635,12.7938718982348,23.2832143831983,1.01745439557437,56.4391404827243,0.0173038172558342,4.03316289800126,0,0,0,0,0,0,,-0.0309146982575008,0.0397596468530992,0.0877935694378991,0.127553216290899,0,0.0104015976549801,0,0,0,0,
2064,projection,,0.152082229091059,0.105291021318166,0.128816654676727,0.234107675994893,4.5,-0.4,0,-1.98290277359928,15.2082229091059,10.5291021318166,12.8816654676727,23.4107675994893,1.01745439557437,56.4391404827243,0.0173038172558342,4.03316289800126,0,0,0,0,0,0,,-0.0309146982576003,0.039759646853101,0.0877935694379026,0.127553216290998,0,0.0104645422865501,0,0,0,0,
2065,projection,,0.151773082108483,0.105688617786697,0.129694590371105,0.235383208157803,4.5,-0.4,0,-1.97237627371066,15.1773082108483,10.5688617786697,12.9694590371105,23.5383208157803,1.01745439557437,56.4391404827243,0.0173038172558342,4.03316289800126,0,0,0,0,0,0,,-0.0309146982576003,0.0397596468530992,0.0877935694377996,0.127553216291002,0,0.0105264998886199,0,0,0,0,
2066,projection,,0.151463935125907,0.106086214255228,0.130572526065484,0.236658740320712,4.5,-0.4,0,-1.96178878021371,15.1463935125907,10.6086214255228,13.0572526065484,23.6658740320712,1.01745439557437,56.4391404827243,0.0173038172558342,4.03316289800126,0,0,0,0,0,0,,-0.0309146982576003,0.039759646853101,0.0877935694379008,0.127553216290899,0,0.0105874934969501,0,0,0,0,
