year,log_real_gdp_per_capita,real_gdp_per_capita_growth,scenario_real_gdp,scenario_real_gdp_growth,scenario_nominal_gdp,scenario_nominal_gdp_growth,income_case,income_case_label
2026,-2.30260323850761,0.0167888492054074,2797119.24437432,0.0300708366765881,2959816.32694817,0.0661233159602686,central_gdp,GDP PC model: 1.03% growth
2027,-2.30007125346224,0.00253519322662266,2837584.27312915,0.0144666799015527,3092714.09358704,0.0449006802985994,central_gdp,GDP PC model: 1.03% growth
2028,-2.31021526604776,-0.0100927356210457,2842319.65901467,0.00166880889859589,3183066.81155288,0.0292147011433073,central_gdp,GDP PC model: 1.03% growth
2029,-2.30331489432796,0.00692423413968246,2896255.5373705,0.0189760072146585,3328609.76397991,0.0457241274040434,central_gdp,GDP PC model: 1.03% growth
2030,-2.28805942339694,0.0153724296241267,2976168.37478376,0.0275917771695708,3505963.3234439,0.05328157159881,central_gdp,GDP PC model: 1.03% growth
2031,-2.28167872157361,0.00640110186699339,3031336.37392609,0.018536585365855,3660225.70967544,0.0440000000000014,central_gdp,GDP PC model: 1.03% growth
2032,-2.27534245269268,0.00635638549825046,3087526.99939398,0.0185365853658495,3821275.64090114,0.0439999999999956,central_gdp,GDP PC model: 1.03% growth
2033,-2.26884343323506,0.0065201839091269,3144759.20718764,0.0185365853658577,3989411.76910081,0.044000000000004,central_gdp,GDP PC model: 1.03% growth
2034,-2.26214670432726,0.00671920213452681,3203052.30468672,0.0185365853658506,4164945.88694123,0.0439999999999967,central_gdp,GDP PC model: 1.03% growth
2035,-2.2552671478498,0.0069032749858664,3262425.95716385,0.0185365853658586,4348203.50596666,0.0440000000000049,central_gdp,GDP PC model: 1.03% growth
2036,-2.24820946737433,0.00708264459735775,3322900.19441861,0.0185365853658572,4539524.46022921,0.0440000000000036,central_gdp,GDP PC model: 1.03% growth
2037,-2.23988832837576,0.00835585590360699,3384495.41753466,0.0185365853658528,4739263.53647929,0.0439999999999989,central_gdp,GDP PC model: 1.03% growth
2038,-2.23146727540549,0.00845660977533336,3447232.40576211,0.018536585365847,4947791.13208435,0.0439999999999932,central_gdp,GDP PC model: 1.03% growth
2039,-2.22294827637697,0.00855538896261399,3511132.32352747,0.0185365853658592,5165493.94189609,0.0440000000000056,central_gdp,GDP PC model: 1.03% growth
2040,-2.21433324162994,0.00865225095508126,3576216.72757333,0.0185365853658497,5392775.6753395,0.0439999999999958,central_gdp,GDP PC model: 1.03% growth
2041,-2.20562402615454,0.00874725103226592,3642507.57423081,0.0185365853658594,5630057.80505447,0.0440000000000058,central_gdp,GDP PC model: 1.03% growth
2042,-2.1968224317092,0.00884044236864012,3710027.2268263,0.0185365853658528,5877780.34847686,0.0439999999999989,central_gdp,GDP PC model: 1.03% growth
2043,-2.18793020883804,0.00893187613302193,3778798.46322598,0.0185365853658455,6136402.68380979,0.0439999999999916,central_gdp,GDP PC model: 1.03% growth
2044,-2.17894905879367,0.00902160158218357,3848844.48351993,0.0185365853658546,6406404.40189743,0.0440000000000009,central_gdp,GDP PC model: 1.03% growth
2045,-2.16988063537063,0.00910966614929554,3920188.91784862,0.0185365853658599,6688286.19558095,0.0440000000000063,central_gdp,GDP PC model: 1.03% growth
2046,-2.1607265466543,0.00919611552761057,3992855.83437456,0.0185365853658461,6982570.78818646,0.0439999999999923,central_gdp,GDP PC model: 1.03% growth
2047,-2.15148835668996,0.0092809937495455,4066869.74740201,0.0185365853658575,7289803.90286669,0.0440000000000038,central_gdp,GDP PC model: 1.03% growth
2048,-2.14216758707649,0.00936434326132218,4142255.62564653,0.0185365853658521,7610555.27459282,0.0439999999999983,central_gdp,GDP PC model: 1.03% growth
2049,-2.13276571848846,0.00944620499392457,4219038.90065852,0.0185365853658552,7945419.70667491,0.0440000000000016,central_gdp,GDP PC model: 1.03% growth
2050,-2.12328419213072,0.00952661842999114,4297245.47540244,0.0185365853658555,8295018.17376862,0.0440000000000018,central_gdp,GDP PC model: 1.03% growth
2051,-2.11372441112889,0.00960562166736123,4376901.73299526,0.0185365853658532,8659998.97341444,0.0439999999999994,central_gdp,GDP PC model: 1.03% growth
2052,-2.10408774185913,0.00968325147927596,4458034.54560688,0.0185365853658523,9041038.92824466,0.0439999999999985,central_gdp,GDP PC model: 1.03% growth
2053,-2.0943755152204,0.00975954337142193,4540671.28352544,0.0185365853658532,9438844.64108742,0.0439999999999994,central_gdp,GDP PC model: 1.03% growth
2054,-2.08458902785213,0.0098345316360795,4624839.82439082,0.0185365853658592,9854153.80529532,0.0440000000000056,central_gdp,GDP PC model: 1.03% growth
2055,-2.07472954330009,0.00990824940352519,4710568.56259903,0.0185365853658512,10287736.5727283,0.0439999999999974,central_gdp,GDP PC model: 1.03% growth
2056,-2.06479829313305,0.00998072869086597,4797886.41888133,0.018536585365849,10740396.9819283,0.0439999999999952,central_gdp,GDP PC model: 1.03% growth
2057,-2.05479647801279,0.010052000448354,4886822.8500606,0.0185365853658559,11212974.4491331,0.0440000000000023,central_gdp,GDP PC model: 1.03% growth
2058,-2.0447252687197,0.010122094603475,4977407.85898856,0.0185365853658559,11706345.324895,0.0440000000000023,central_gdp,GDP PC model: 1.03% growth
2059,-2.03458580713618,0.0101910401028631,5069672.00466738,0.0185365853658535,12221424.5191904,0.0439999999999996,central_gdp,GDP PC model: 1.03% growth
2060,-2.02437920718993,0.0102588649521393,5163646.41255878,0.0185365853658543,12759167.1980348,0.0440000000000007,central_gdp,GDP PC model: 1.03% growth
2061,-2.01410655575905,0.0103255962538564,5259362.78508425,0.018536585365853,13320570.5547483,0.0439999999999992,central_gdp,GDP PC model: 1.03% growth
2062,-2.00376891354081,0.0103912602436007,5356853.41231996,0.0185365853658535,13906675.6591572,0.0439999999999996,central_gdp,GDP PC model: 1.03% growth
2063,-1.99336731588583,0.010455882324373,5456151.18288981,0.0185365853658561,14518569.3881602,0.0440000000000025,central_gdp,GDP PC model: 1.03% growth
2064,-1.98290277359928,0.0105194870993723,5557289.59506043,0.0185365853658508,15157386.4412392,0.0439999999999969,central_gdp,GDP PC model: 1.03% growth
2065,-1.97237627371066,0.0105820984032408,5660302.76804206,0.018536585365857,15824311.4446538,0.0440000000000034,central_gdp,GDP PC model: 1.03% growth
2066,-1.96178878021371,0.0106437393317684,5765225.4534984,0.0185365853658452,16520581.1482184,0.0439999999999914,central_gdp,GDP PC model: 1.03% growth
2026,-2.3038095117103,0.0155630635286601,2793747.18860425,0.0288290389536685,2956248.13236951,0.0648380553170469,midpoint_gdp,GDP PC model: 0.56% growth
2027,-2.30248964847068,0.00132073464243643,2830730.16479826,0.013237767663757,3085243.7260513,0.0436349006936696,midpoint_gdp,GDP PC model: 0.56% growth
2028,-2.31384872848285,-0.0112948092452456,2832010.93682389,0.000452452883554111,3171522.24394209,0.027964895337852,midpoint_gdp,GDP PC model: 0.56% growth
2029,-2.30816490237538,0.00570000969412088,2882242.68340233,0.0177371301520375,3312505.0653655,0.0444527298185287,midpoint_gdp,GDP PC model: 0.56% growth
2030,-2.29412745884329,0.014136431077578,2958163.5617594,0.0263409041834912,3484753.42999711,0.0519994267880783,midpoint_gdp,GDP PC model: 0.56% growth
2031,-2.29232856452543,0.00180051329888942,2999224.41477923,0.0138805215339128,3621451.71564813,0.0392275345722606,midpoint_gdp,GDP PC model: 0.56% growth
2032,-2.29057410314997,0.00175600134329246,3040855.2138536,0.0138805215339077,3763512.33802547,0.0392275345722553,midpoint_gdp,GDP PC model: 0.56% growth
2033,-2.28865689119782,0.00191905097806422,3083063.87013101,0.0138805215339155,3911145.6483785,0.0392275345722632,midpoint_gdp,GDP PC model: 0.56% growth
2034,-2.28654196979549,0.00211715942607404,3125858.4045708,0.0138805215339133,4064570.24951742,0.039227534572261,midpoint_gdp,GDP PC model: 0.56% growth
2035,-2.2842442208235,0.00230039082020106,3169246.9494674,0.0138805215339111,4224013.31950173,0.0392275345722588,midpoint_gdp,GDP PC model: 0.56% growth
2036,-2.2817683478535,0.00247894047454311,3213237.74999578,0.0138805215339148,4389710.94802619,0.0392275345722626,midpoint_gdp,GDP PC model: 0.56% growth
2037,-2.2780290163604,0.00374633151552284,3257839.16577817,0.0138805215339108,4561908.48600211,0.0392275345722586,midpoint_gdp,GDP PC model: 0.56% growth
2038,-2.2741897708956,0.00384662480835618,3303059.67247277,0.0138805215339097,4740860.90885223,0.0392275345722575,midpoint_gdp,GDP PC model: 0.56% growth
2039,-2.27025257937255,0.00394495244366255,3348907.86338434,0.0138805215339177,4926833.19405653,0.0392275345722655,midpoint_gdp,GDP PC model: 0.56% growth
2040,-2.26621935213098,0.00404137164828922,3395392.45109713,0.0138805215339124,5120100.71350814,0.0392275345722601,midpoint_gdp,GDP PC model: 0.56% growth
2041,-2.26209194416106,0.00413593744904284,3442522.26913067,0.0138805215339122,5320949.64126074,0.0392275345722599,midpoint_gdp,GDP PC model: 0.56% growth
2042,-2.25787215722119,0.00422870277734555,3490306.2736183,0.0138805215339102,5529677.37727053,0.0392275345722579,midpoint_gdp,GDP PC model: 0.56% growth
2043,-2.25356174185549,0.00431971856809388,3538753.5450092,0.0138805215339086,5746592.98776084,0.0392275345722561,midpoint_gdp,GDP PC model: 0.56% growth
2044,-2.24916239931659,0.00440903385288349,3587873.28979393,0.0138805215339173,5972017.66286096,0.039227534572265,midpoint_gdp,GDP PC model: 0.56% growth
2045,-2.24467578339902,0.00449669584804879,3637674.84225386,0.0138805215339128,6206285.19219699,0.0392275345722606,midpoint_gdp,GDP PC model: 0.56% growth
2046,-2.24010350218816,0.00458275003799313,3688167.66623513,0.0138805215339091,6449742.45913918,0.0392275345722568,midpoint_gdp,GDP PC model: 0.56% growth
2047,-2.23544711972929,0.00466724025381238,3739361.35694699,0.0138805215339153,6702749.95443726,0.039227534572263,midpoint_gdp,GDP PC model: 0.56% growth
2048,-2.23070815762128,0.00475020874771226,3791265.64278517,0.01388052153391,6965682.31000415,0.0392275345722577,midpoint_gdp,GDP PC model: 0.56% growth
2049,-2.22588809653873,0.00483169626356284,3843890.38718063,0.0138805215339131,7238928.85363922,0.0392275345722608,midpoint_gdp,GDP PC model: 0.56% growth
2050,-2.22098837768646,0.00491174210351497,3897245.59047389,0.0138805215339135,7522894.18551149,0.0392275345722612,midpoint_gdp,GDP PC model: 0.56% growth
2051,-2.21601040419009,0.00499038419125486,3951341.39181543,0.0138805215339162,7817998.77725713,0.0392275345722639,midpoint_gdp,GDP PC model: 0.56% growth
2052,-2.2109555424258,0.00506765913190654,4006188.07109235,0.01388052153391,8124679.59457785,0.0392275345722577,midpoint_gdp,GDP PC model: 0.56% growth
2053,-2.20582512329254,0.00514360226886312,4061796.05088205,0.0138805215339111,8443390.74426268,0.0392275345722588,midpoint_gdp,GDP PC model: 0.56% growth
2054,-2.20062044342974,0.00521824773763946,4118175.89843269,0.0138805215339173,8774604.14659038,0.039227534572265,midpoint_gdp,GDP PC model: 0.56% growth
2055,-2.19534276638317,0.00529162851706078,4175338.32767131,0.0138805215339086,9118810.23410862,0.0392275345722561,midpoint_gdp,GDP PC model: 0.56% growth
2056,-2.18999332372159,0.00536377647788133,4233294.20123992,0.0138805215339124,9476518.67782499,0.0392275345722601,midpoint_gdp,GDP PC model: 0.56% growth
2057,-2.18457331610681,0.00543472242885135,4292054.53255962,0.0138805215339131,9848259.14188405,0.0392275345722608,midpoint_gdp,GDP PC model: 0.56% growth
2058,-2.17908391431919,0.00550449616066651,4351630.48792355,0.0138805215339139,10234582.0678489,0.0392275345722617,midpoint_gdp,GDP PC model: 0.56% growth
2059,-2.17352626024114,0.00557312648762887,4412033.3886188,0.0138805215339113,10636059.4897481,0.039227534572259,midpoint_gdp,GDP PC model: 0.56% growth
2060,-2.16790146780036,0.00564064128733799,4473274.71307786,0.0138805215339122,11053285.8810948,0.0392275345722599,midpoint_gdp,GDP PC model: 0.56% growth
2061,-2.16221062387495,0.00570706753845118,4535366.09905984,0.0138805215339111,11486879.0351325,0.0392275345722588,midpoint_gdp,GDP PC model: 0.56% growth
2062,-2.15645478916217,0.00577243135662875,4598319.34586203,0.0138805215339164,11937480.9796105,0.0392275345722641,midpoint_gdp,GDP PC model: 0.56% growth
2063,-2.15063499901266,0.00583675802873085,4662146.41656208,0.0138805215339135,12405758.9274439,0.0392275345722612,midpoint_gdp,GDP PC model: 0.56% growth
2064,-2.14475226423158,0.00590007204550247,4726859.44029141,0.0138805215339088,12892406.2646653,0.0392275345722564,midpoint_gdp,GDP PC model: 0.56% growth
2065,-2.13880757184843,0.00596239713262525,4792470.71454016,0.0138805215339151,13398143.5771321,0.0392275345722628,midpoint_gdp,GDP PC model: 0.56% growth
2066,-2.13280188585694,0.00602375628031426,4858992.70749396,0.013880521533908,13923719.7175081,0.0392275345722555,midpoint_gdp,GDP PC model: 0.56% growth
2026,-2.30501578491299,0.014338755592868,2790379.19800234,0.0275887382749616,2952684.23941336,0.0635543441145852,pressure_gdp,GDP PC model: 0.10% growth
2027,-2.30490804347913,0.000107747238177192,2823892.61238131,0.0120103441148627,3077791.40298699,0.0423706544383087,pressure_gdp,GDP PC model: 0.10% growth
2028,-2.31748219091794,-0.0124954231559445,2821739.60302216,-0.000762426074457534,3160019.54697027,0.026716607208495,pressure_gdp,GDP PC model: 0.10% growth
2029,-2.31301491042279,0.00447727366788864,2868297.62734557,0.0164997593234844,3296478.2855628,0.043182878005726,pressure_gdp,GDP PC model: 0.10% growth
2030,-2.30019549428964,0.0129019370946386,2940267.67177003,0.0250915538674663,3463671.84923888,0.050718842714153,pressure_gdp,GDP PC model: 0.10% growth
2031,-2.30297840747725,-0.00277904447430188,2967452.62834601,0.00924574209245654,3583088.46749609,0.0344768856447679,pressure_gdp,GDP PC model: 0.10% growth
2032,-2.30580575360726,-0.00282335295119318,2994888.93001926,0.00924574209245099,3706622.19884502,0.0344768856447621,pressure_gdp,GDP PC model: 0.10% growth
2033,-2.30847034916058,-0.00266104866962458,3022578.90066178,0.00924574209245987,3834414.98852297,0.0344768856447713,pressure_gdp,GDP PC model: 0.10% growth
2034,-2.31093723526371,-0.00246384584011516,3050524.88563142,0.00924574209246187,3966613.67559688,0.0344768856447732,pressure_gdp,GDP PC model: 0.10% growth
2035,-2.3132212937972,-0.002281452056624,3078729.25197057,0.00924574209244988,4103370.16168738,0.034476885644761,pressure_gdp,GDP PC model: 0.10% growth
2036,-2.31532722833267,-0.00210371861113978,3107194.38860679,0.00924574209245854,4244841.58551004,0.0344768856447699,pressure_gdp,GDP PC model: 0.10% growth
2037,-2.31616970434504,-0.00084212122909344,3135922.70655497,0.00924574209245455,4391190.50343381,0.0344768856447659,pressure_gdp,GDP PC model: 0.10% growth
2038,-2.3169122663857,-0.000742286409696535,3164916.63912167,0.00924574209245854,4542585.0762651,0.0344768856447699,pressure_gdp,GDP PC model: 0.10% growth
2039,-2.31755688236812,-0.000644408262173268,3194178.64211112,0.00924574209246076,4699199.26247114,0.0344768856447721,pressure_gdp,GDP PC model: 0.10% growth
2040,-2.31810546263202,-0.000548429821258023,3223711.19403333,0.00924574209246143,4861213.01806536,0.0344768856447728,pressure_gdp,GDP PC model: 0.10% growth
2041,-2.31855986216757,-0.000454296311716562,3253516.79631391,0.00924574209245099,5028812.50338403,0.0344768856447621,pressure_gdp,GDP PC model: 0.10% growth
2042,-2.31892188273317,-0.000361955044062334,3283597.9735061,0.00924574209245388,5202190.29699217,0.034476885644765,pressure_gdp,GDP PC model: 0.10% growth
2043,-2.31919327487294,-0.000271355316254218,3313957.27350445,0.00924574209245721,5381545.61696389,0.0344768856447686,pressure_gdp,GDP PC model: 0.10% growth
2044,-2.3193757398395,-0.000182448320840467,3344597.26776073,0.00924574209246654,5567084.54979211,0.0344768856447781,pressure_gdp,GDP PC model: 0.10% growth
2045,-2.31947093142741,-9.51870573344671e-05,3375520.55150156,0.00924574209245121,5759020.28719002,0.0344768856447624,pressure_gdp,GDP PC model: 0.10% growth
2046,-2.31948045772201,-9.52624922523349e-06,3406729.74394853,0.00924574209245765,5957573.37105737,0.034476885644769,pressure_gdp,GDP PC model: 0.10% growth
2047,-2.31940588276861,7.45777341810694e-05,3438227.48853979,0.00924574209245899,6162971.94689165,0.0344768856447704,pressure_gdp,GDP PC model: 0.10% growth
2048,-2.31924872816608,0.000157166951961552,3470016.45315401,0.00924574209245366,6375452.02593652,0.0344768856447648,pressure_gdp,GDP PC model: 0.10% growth
2049,-2.31901047458899,0.000238281961727704,3502099.33033646,0.00924574209245699,6595257.75636844,0.0344768856447684,pressure_gdp,GDP PC model: 0.10% growth
2050,-2.31869256324219,0.000317961885967444,3534478.83752691,0.00924574209245721,6822641.70383253,0.0344768856447686,pressure_gdp,GDP PC model: 0.10% growth
2051,-2.31829639725129,0.000396244475010077,3567157.71728996,0.00924574209246498,7057865.14165085,0.0344768856447766,pressure_gdp,GDP PC model: 0.10% growth
2052,-2.31782334299247,0.000473166166631511,3600138.73754713,0.00924574209245366,7301198.35103572,0.0344768856447648,pressure_gdp,GDP PC model: 0.10% growth
2053,-2.31727473136468,0.000548762142672521,3633424.69181155,0.00924574209245477,7552920.93165413,0.0344768856447661,pressure_gdp,GDP PC model: 0.10% growth
2054,-2.31665185900735,0.000623066382599236,3667018.39942442,0.00924574209246121,7813322.12289878,0.0344768856447726,pressure_gdp,GDP PC model: 0.10% growth
2055,-2.31595598946625,0.000696111714479475,3700922.70579377,0.00924574209245232,8082701.13623566,0.0344768856447635,pressure_gdp,GDP PC model: 0.10% growth
2056,-2.31518835431014,0.000767929863380923,3735140.48263568,0.00924574209246098,8361367.49901053,0.0344768856447724,pressure_gdp,GDP PC model: 0.10% growth
2057,-2.31435015420082,0.000838551497202689,3769674.62821722,0.00924574209245721,8649641.4101078,0.0344768856447686,pressure_gdp,GDP PC model: 0.10% growth
2058,-2.31344255991867,0.000908006270470496,3804528.0676022,0.00924574209245743,8947854.10787234,0.0344768856447688,pressure_gdp,GDP PC model: 0.10% growth
2059,-2.31246671334609,0.000976322865763768,3839703.75289876,0.00924574209245521,9256348.25071551,0.0344768856447666,pressure_gdp,GDP PC model: 0.10% growth
2060,-2.31142372841078,0.0010435290332429,3875204.66350949,0.00924574209245543,9575478.31084357,0.0344768856447668,pressure_gdp,GDP PC model: 0.10% growth
2061,-2.31031469199084,0.00110965162823873,3911033.80638378,0.00924574209245455,9905610.98156046,0.0344768856447659,pressure_gdp,GDP PC model: 0.10% growth
2062,-2.30914066478353,0.00117471664703239,3947194.21627252,0.00924574209246543,10247125.5986134,0.034476885644777,pressure_gdp,GDP PC model: 0.10% growth
2063,-2.30790268213949,0.00123874926087364,3983688.95598501,0.00924574209245743,10600414.5760643,0.0344768856447688,pressure_gdp,GDP PC model: 0.10% growth
2064,-2.30660175486388,0.00130177384856855,4020521.1166486,0.00924574209245232,10965883.8571904,0.0344768856447635,pressure_gdp,GDP PC model: 0.10% growth
2065,-2.3052388699862,0.00136381402733488,4057693.81797042,0.00924574209245854,11343953.3809286,0.0344768856447699,pressure_gdp,GDP PC model: 0.10% growth
2066,-2.30381499150018,0.0014248926822984,4095210.20850153,0.00924574209245677,11735057.5644024,0.0344768856447681,pressure_gdp,GDP PC model: 0.10% growth
