"result_level","chart","scenario","period","age","series","value_dollars"
"Primary individual","Average cash available","Selected scenario","Working-life average",,"Cash available to spend",71558.0959285396
"Primary individual","Average cash available","Selected scenario","Final five working years",,"Cash available to spend",97841.6930578048
"Primary individual","Average cash available","Selected scenario","Retirement average",,"Cash available to spend",75703.8864000605
"Primary individual","Lifecycle income","Selected scenario",,20,"Spendable income",38487
"Primary individual","Lifecycle income","Selected scenario",,21,"Spendable income",39972
"Primary individual","Lifecycle income","Selected scenario",,22,"Spendable income",41334.7125
"Primary individual","Lifecycle income","Selected scenario",,23,"Spendable income",42735.2345625
"Primary individual","Lifecycle income","Selected scenario",,24,"Spendable income",44198.7801178125
"Primary individual","Lifecycle income","Selected scenario",,25,"Spendable income",45728.1852231141
"Primary individual","Lifecycle income","Selected scenario",,26,"Spendable income",47326.4135581542
"Primary individual","Lifecycle income","Selected scenario",,27,"Spendable income",48996.5621682711
"Primary individual","Lifecycle income","Selected scenario",,28,"Spendable income",50741.8674658433
"Primary individual","Lifecycle income","Selected scenario",,29,"Spendable income",52565.7115018063
"Primary individual","Lifecycle income","Selected scenario",,30,"Spendable income",54471.6285193875
"Primary individual","Lifecycle income","Selected scenario",,31,"Spendable income",56506.5744750027
"Primary individual","Lifecycle income","Selected scenario",,32,"Spendable income",58634.8303263778
"Primary individual","Lifecycle income","Selected scenario",,33,"Spendable income",60858.8576910648
"Primary individual","Lifecycle income","Selected scenario",,34,"Spendable income",63182.9662871627
"Primary individual","Lifecycle income","Selected scenario",,35,"Spendable income",64154.4436803316
"Primary individual","Lifecycle income","Selected scenario",,36,"Spendable income",65143.4076665776
"Primary individual","Lifecycle income","Selected scenario",,37,"Spendable income",66150.173004576
"Primary individual","Lifecycle income","Selected scenario",,38,"Spendable income",67175.0601186584
"Primary individual","Lifecycle income","Selected scenario",,39,"Spendable income",68218.3952007942
"Primary individual","Lifecycle income","Selected scenario",,40,"Spendable income",69280.5103144085
"Primary individual","Lifecycle income","Selected scenario",,41,"Spendable income",70361.7435000679
"Primary individual","Lifecycle income","Selected scenario",,42,"Spendable income",71462.4388830691
"Primary individual","Lifecycle income","Selected scenario",,43,"Spendable income",72582.9467829644
"Primary individual","Lifecycle income","Selected scenario",,44,"Spendable income",73723.6238250577
"Primary individual","Lifecycle income","Selected scenario",,45,"Spendable income",74884.8330539088
"Primary individual","Lifecycle income","Selected scenario",,46,"Spendable income",76066.9440488791
"Primary individual","Lifecycle income","Selected scenario",,47,"Spendable income",77270.3330417589
"Primary individual","Lifecycle income","Selected scenario",,48,"Spendable income",78495.3830365106
"Primary individual","Lifecycle income","Selected scenario",,49,"Spendable income",79742.4839311678
"Primary individual","Lifecycle income","Selected scenario",,50,"Spendable income",81012.0326419288
"Primary individual","Lifecycle income","Selected scenario",,51,"Spendable income",82304.4332294835
"Primary individual","Lifecycle income","Selected scenario",,52,"Spendable income",83620.0970276142
"Primary individual","Lifecycle income","Selected scenario",,53,"Spendable income",84959.4427741113
"Primary individual","Lifecycle income","Selected scenario",,54,"Spendable income",86322.8967440453
"Primary individual","Lifecycle income","Selected scenario",,55,"Spendable income",87402.4492984619
"Primary individual","Lifecycle income","Selected scenario",,56,"Spendable income",88497.1155886404
"Primary individual","Lifecycle income","Selected scenario",,57,"Spendable income",89607.1072068814
"Primary individual","Lifecycle income","Selected scenario",,58,"Spendable income",90732.6387077777
"Primary individual","Lifecycle income","Selected scenario",,59,"Spendable income",91873.9276496866
"Primary individual","Lifecycle income","Selected scenario",,60,"Spendable income",93031.1946367822
"Primary individual","Lifecycle income","Selected scenario",,61,"Spendable income",94204.6633616971
"Primary individual","Lifecycle income","Selected scenario",,62,"Spendable income",95394.5606487609
"Primary individual","Lifecycle income","Selected scenario",,63,"Spendable income",96601.1164978436
"Primary individual","Lifecycle income","Selected scenario",,64,"Spendable income",97824.5641288134
"Primary individual","Lifecycle income","Selected scenario",,65,"Spendable income",99065.1400266167
"Primary individual","Lifecycle income","Selected scenario",,66,"Spendable income",100323.083986989
"Primary individual","Lifecycle income","Selected scenario",,67,"Spendable income",75703.8864000605
"Primary individual","Lifecycle income","Selected scenario",,68,"Spendable income",75703.8864000605
"Primary individual","Lifecycle income","Selected scenario",,69,"Spendable income",75703.8864000605
"Primary individual","Lifecycle income","Selected scenario",,70,"Spendable income",75703.8864000605
"Primary individual","Lifecycle income","Selected scenario",,71,"Spendable income",75703.8864000605
"Primary individual","Lifecycle income","Selected scenario",,72,"Spendable income",75703.8864000605
"Primary individual","Lifecycle income","Selected scenario",,73,"Spendable income",75703.8864000605
"Primary individual","Lifecycle income","Selected scenario",,74,"Spendable income",75703.8864000605
"Primary individual","Lifecycle income","Selected scenario",,75,"Spendable income",75703.8864000605
"Primary individual","Lifecycle income","Selected scenario",,76,"Spendable income",75703.8864000605
"Primary individual","Lifecycle income","Selected scenario",,77,"Spendable income",75703.8864000605
"Primary individual","Lifecycle income","Selected scenario",,78,"Spendable income",75703.8864000605
"Primary individual","Lifecycle income","Selected scenario",,79,"Spendable income",75703.8864000605
"Primary individual","Lifecycle income","Selected scenario",,80,"Spendable income",75703.8864000605
"Primary individual","Lifecycle income","Selected scenario",,81,"Spendable income",75703.8864000605
"Primary individual","Lifecycle income","Selected scenario",,82,"Spendable income",75703.8864000605
"Primary individual","Lifecycle income","Selected scenario",,83,"Spendable income",75703.8864000605
"Primary individual","Lifecycle income","Selected scenario",,84,"Spendable income",75703.8864000605
"Primary individual","Lifecycle income","Selected scenario",,85,"Spendable income",75703.8864000605
"Primary individual","Lifecycle income","Selected scenario",,86,"Spendable income",75703.8864000605
"Primary individual","Lifecycle income","Selected scenario",,87,"Spendable income",75703.8864000605
"Primary individual","Lifecycle income","Selected scenario",,88,"Spendable income",75703.8864000605
"Primary individual","Lifecycle income","Selected scenario",,89,"Spendable income",75703.8864000605
"Primary individual","Lifecycle income","Selected scenario",,90,"Spendable income",75703.8864000605
"Primary individual","Lifecycle income","Selected scenario",,20,"Cash wages",42857.1428571429
"Primary individual","Lifecycle income","Selected scenario",,21,"Cash wages",44785.7142857143
"Primary individual","Lifecycle income","Selected scenario",,22,"Cash wages",46801.0714285714
"Primary individual","Lifecycle income","Selected scenario",,23,"Cash wages",48907.1196428571
"Primary individual","Lifecycle income","Selected scenario",,24,"Cash wages",51107.9400267857
"Primary individual","Lifecycle income","Selected scenario",,25,"Cash wages",53407.7973279911
"Primary individual","Lifecycle income","Selected scenario",,26,"Cash wages",55811.1482077506
"Primary individual","Lifecycle income","Selected scenario",,27,"Cash wages",58322.6498770994
"Primary individual","Lifecycle income","Selected scenario",,28,"Cash wages",60947.1691215689
"Primary individual","Lifecycle income","Selected scenario",,29,"Cash wages",63689.7917320395
"Primary individual","Lifecycle income","Selected scenario",,30,"Cash wages",66555.8323599813
"Primary individual","Lifecycle income","Selected scenario",,31,"Cash wages",0
"Primary individual","Lifecycle income","Selected scenario",,32,"Cash wages",0
"Primary individual","Lifecycle income","Selected scenario",,33,"Cash wages",75951.2613103894
"Primary individual","Lifecycle income","Selected scenario",,34,"Cash wages",79369.0680693569
"Primary individual","Lifecycle income","Selected scenario",,35,"Cash wages",80797.7112946054
"Primary individual","Lifecycle income","Selected scenario",,36,"Cash wages",82252.0700979083
"Primary individual","Lifecycle income","Selected scenario",,37,"Cash wages",83732.6073596706
"Primary individual","Lifecycle income","Selected scenario",,38,"Cash wages",85239.7942921447
"Primary individual","Lifecycle income","Selected scenario",,39,"Cash wages",86774.1105894033
"Primary individual","Lifecycle income","Selected scenario",,40,"Cash wages",88336.0445800126
"Primary individual","Lifecycle income","Selected scenario",,41,"Cash wages",89926.0933824528
"Primary individual","Lifecycle income","Selected scenario",,42,"Cash wages",91544.7630633369
"Primary individual","Lifecycle income","Selected scenario",,43,"Cash wages",93192.568798477
"Primary individual","Lifecycle income","Selected scenario",,44,"Cash wages",94870.0350368496
"Primary individual","Lifecycle income","Selected scenario",,45,"Cash wages",96577.6956675129
"Primary individual","Lifecycle income","Selected scenario",,46,"Cash wages",98316.0941895281
"Primary individual","Lifecycle income","Selected scenario",,47,"Cash wages",100085.78388494
"Primary individual","Lifecycle income","Selected scenario",,48,"Cash wages",101887.327994869
"Primary individual","Lifecycle income","Selected scenario",,49,"Cash wages",103721.299898776
"Primary individual","Lifecycle income","Selected scenario",,50,"Cash wages",105588.283296954
"Primary individual","Lifecycle income","Selected scenario",,51,"Cash wages",107488.872396299
"Primary individual","Lifecycle income","Selected scenario",,52,"Cash wages",109423.672099433
"Primary individual","Lifecycle income","Selected scenario",,53,"Cash wages",111393.298197222
"Primary individual","Lifecycle income","Selected scenario",,54,"Cash wages",113398.377564772
"Primary individual","Lifecycle income","Selected scenario",,55,"Cash wages",114985.954850679
"Primary individual","Lifecycle income","Selected scenario",,56,"Cash wages",116595.758218589
"Primary individual","Lifecycle income","Selected scenario",,57,"Cash wages",118228.098833649
"Primary individual","Lifecycle income","Selected scenario",,58,"Cash wages",119883.29221732
"Primary individual","Lifecycle income","Selected scenario",,59,"Cash wages",121561.658308363
"Primary individual","Lifecycle income","Selected scenario",,60,"Cash wages",123263.52152468
"Primary individual","Lifecycle income","Selected scenario",,61,"Cash wages",124989.210826025
"Primary individual","Lifecycle income","Selected scenario",,62,"Cash wages",126739.05977759
"Primary individual","Lifecycle income","Selected scenario",,63,"Cash wages",128513.406614476
"Primary individual","Lifecycle income","Selected scenario",,64,"Cash wages",130312.594307078
"Primary individual","Lifecycle income","Selected scenario",,65,"Cash wages",132136.970627378
"Primary individual","Lifecycle income","Selected scenario",,66,"Cash wages",133986.888216161
"Primary individual","Lifecycle income","Selected scenario",,67,"Cash wages",0
"Primary individual","Lifecycle income","Selected scenario",,68,"Cash wages",0
"Primary individual","Lifecycle income","Selected scenario",,69,"Cash wages",0
"Primary individual","Lifecycle income","Selected scenario",,70,"Cash wages",0
"Primary individual","Lifecycle income","Selected scenario",,71,"Cash wages",0
"Primary individual","Lifecycle income","Selected scenario",,72,"Cash wages",0
"Primary individual","Lifecycle income","Selected scenario",,73,"Cash wages",0
"Primary individual","Lifecycle income","Selected scenario",,74,"Cash wages",0
"Primary individual","Lifecycle income","Selected scenario",,75,"Cash wages",0
"Primary individual","Lifecycle income","Selected scenario",,76,"Cash wages",0
"Primary individual","Lifecycle income","Selected scenario",,77,"Cash wages",0
"Primary individual","Lifecycle income","Selected scenario",,78,"Cash wages",0
"Primary individual","Lifecycle income","Selected scenario",,79,"Cash wages",0
"Primary individual","Lifecycle income","Selected scenario",,80,"Cash wages",0
"Primary individual","Lifecycle income","Selected scenario",,81,"Cash wages",0
"Primary individual","Lifecycle income","Selected scenario",,82,"Cash wages",0
"Primary individual","Lifecycle income","Selected scenario",,83,"Cash wages",0
"Primary individual","Lifecycle income","Selected scenario",,84,"Cash wages",0
"Primary individual","Lifecycle income","Selected scenario",,85,"Cash wages",0
"Primary individual","Lifecycle income","Selected scenario",,86,"Cash wages",0
"Primary individual","Lifecycle income","Selected scenario",,87,"Cash wages",0
"Primary individual","Lifecycle income","Selected scenario",,88,"Cash wages",0
"Primary individual","Lifecycle income","Selected scenario",,89,"Cash wages",0
"Primary individual","Lifecycle income","Selected scenario",,90,"Cash wages",0
"Primary individual","Lifecycle income","Selected scenario",,20,"Government transfers",0
"Primary individual","Lifecycle income","Selected scenario",,21,"Government transfers",0
"Primary individual","Lifecycle income","Selected scenario",,22,"Government transfers",0
"Primary individual","Lifecycle income","Selected scenario",,23,"Government transfers",0
"Primary individual","Lifecycle income","Selected scenario",,24,"Government transfers",0
"Primary individual","Lifecycle income","Selected scenario",,25,"Government transfers",0
"Primary individual","Lifecycle income","Selected scenario",,26,"Government transfers",0
"Primary individual","Lifecycle income","Selected scenario",,27,"Government transfers",0
"Primary individual","Lifecycle income","Selected scenario",,28,"Government transfers",0
"Primary individual","Lifecycle income","Selected scenario",,29,"Government transfers",0
"Primary individual","Lifecycle income","Selected scenario",,30,"Government transfers",0
"Primary individual","Lifecycle income","Selected scenario",,31,"Government transfers",21255
"Primary individual","Lifecycle income","Selected scenario",,32,"Government transfers",21255
"Primary individual","Lifecycle income","Selected scenario",,33,"Government transfers",0
"Primary individual","Lifecycle income","Selected scenario",,34,"Government transfers",0
"Primary individual","Lifecycle income","Selected scenario",,35,"Government transfers",0
"Primary individual","Lifecycle income","Selected scenario",,36,"Government transfers",0
"Primary individual","Lifecycle income","Selected scenario",,37,"Government transfers",0
"Primary individual","Lifecycle income","Selected scenario",,38,"Government transfers",0
"Primary individual","Lifecycle income","Selected scenario",,39,"Government transfers",0
"Primary individual","Lifecycle income","Selected scenario",,40,"Government transfers",0
"Primary individual","Lifecycle income","Selected scenario",,41,"Government transfers",0
"Primary individual","Lifecycle income","Selected scenario",,42,"Government transfers",0
"Primary individual","Lifecycle income","Selected scenario",,43,"Government transfers",0
"Primary individual","Lifecycle income","Selected scenario",,44,"Government transfers",0
"Primary individual","Lifecycle income","Selected scenario",,45,"Government transfers",0
"Primary individual","Lifecycle income","Selected scenario",,46,"Government transfers",0
"Primary individual","Lifecycle income","Selected scenario",,47,"Government transfers",0
"Primary individual","Lifecycle income","Selected scenario",,48,"Government transfers",0
"Primary individual","Lifecycle income","Selected scenario",,49,"Government transfers",0
"Primary individual","Lifecycle income","Selected scenario",,50,"Government transfers",0
"Primary individual","Lifecycle income","Selected scenario",,51,"Government transfers",0
"Primary individual","Lifecycle income","Selected scenario",,52,"Government transfers",0
"Primary individual","Lifecycle income","Selected scenario",,53,"Government transfers",0
"Primary individual","Lifecycle income","Selected scenario",,54,"Government transfers",0
"Primary individual","Lifecycle income","Selected scenario",,55,"Government transfers",0
"Primary individual","Lifecycle income","Selected scenario",,56,"Government transfers",0
"Primary individual","Lifecycle income","Selected scenario",,57,"Government transfers",0
"Primary individual","Lifecycle income","Selected scenario",,58,"Government transfers",0
"Primary individual","Lifecycle income","Selected scenario",,59,"Government transfers",0
"Primary individual","Lifecycle income","Selected scenario",,60,"Government transfers",0
"Primary individual","Lifecycle income","Selected scenario",,61,"Government transfers",0
"Primary individual","Lifecycle income","Selected scenario",,62,"Government transfers",0
"Primary individual","Lifecycle income","Selected scenario",,63,"Government transfers",0
"Primary individual","Lifecycle income","Selected scenario",,64,"Government transfers",0
"Primary individual","Lifecycle income","Selected scenario",,65,"Government transfers",0
"Primary individual","Lifecycle income","Selected scenario",,66,"Government transfers",0
"Primary individual","Lifecycle income","Selected scenario",,67,"Government transfers",0
"Primary individual","Lifecycle income","Selected scenario",,68,"Government transfers",0
"Primary individual","Lifecycle income","Selected scenario",,69,"Government transfers",42.9000000000024
"Primary individual","Lifecycle income","Selected scenario",,70,"Government transfers",2850.9
"Primary individual","Lifecycle income","Selected scenario",,71,"Government transfers",5580.9
"Primary individual","Lifecycle income","Selected scenario",,72,"Government transfers",8271.9
"Primary individual","Lifecycle income","Selected scenario",,73,"Government transfers",10884.9
"Primary individual","Lifecycle income","Selected scenario",,74,"Government transfers",13439.4
"Primary individual","Lifecycle income","Selected scenario",,75,"Government transfers",15935.4
"Primary individual","Lifecycle income","Selected scenario",,76,"Government transfers",18372.9
"Primary individual","Lifecycle income","Selected scenario",,77,"Government transfers",20771.4
"Primary individual","Lifecycle income","Selected scenario",,78,"Government transfers",23091.9
"Primary individual","Lifecycle income","Selected scenario",,79,"Government transfers",25373.4
"Primary individual","Lifecycle income","Selected scenario",,80,"Government transfers",27596.4
"Primary individual","Lifecycle income","Selected scenario",,81,"Government transfers",29170.3445463954
"Primary individual","Lifecycle income","Selected scenario",,82,"Government transfers",29622.4165515692
"Primary individual","Lifecycle income","Selected scenario",,83,"Government transfers",30092.0063469435
"Primary individual","Lifecycle income","Selected scenario",,84,"Government transfers",30579.7927468885
"Primary individual","Lifecycle income","Selected scenario",,85,"Government transfers",31086.4808698314
"Primary individual","Lifecycle income","Selected scenario",,86,"Government transfers",31223.4
"Primary individual","Lifecycle income","Selected scenario",,87,"Government transfers",31223.4
"Primary individual","Lifecycle income","Selected scenario",,88,"Government transfers",31223.4
"Primary individual","Lifecycle income","Selected scenario",,89,"Government transfers",31223.4
"Primary individual","Lifecycle income","Selected scenario",,90,"Government transfers",31223.4
"Primary individual","Lifecycle income","Selected scenario",,20,"Bank deposit saving",0
"Primary individual","Lifecycle income","Selected scenario",,21,"Bank deposit saving",0
"Primary individual","Lifecycle income","Selected scenario",,22,"Bank deposit saving",0
"Primary individual","Lifecycle income","Selected scenario",,23,"Bank deposit saving",0
"Primary individual","Lifecycle income","Selected scenario",,24,"Bank deposit saving",0
"Primary individual","Lifecycle income","Selected scenario",,25,"Bank deposit saving",0
"Primary individual","Lifecycle income","Selected scenario",,26,"Bank deposit saving",0
"Primary individual","Lifecycle income","Selected scenario",,27,"Bank deposit saving",0
"Primary individual","Lifecycle income","Selected scenario",,28,"Bank deposit saving",0
"Primary individual","Lifecycle income","Selected scenario",,29,"Bank deposit saving",0
"Primary individual","Lifecycle income","Selected scenario",,30,"Bank deposit saving",0
"Primary individual","Lifecycle income","Selected scenario",,31,"Bank deposit saving",0
"Primary individual","Lifecycle income","Selected scenario",,32,"Bank deposit saving",0
"Primary individual","Lifecycle income","Selected scenario",,33,"Bank deposit saving",0
"Primary individual","Lifecycle income","Selected scenario",,34,"Bank deposit saving",0
"Primary individual","Lifecycle income","Selected scenario",,35,"Bank deposit saving",0
"Primary individual","Lifecycle income","Selected scenario",,36,"Bank deposit saving",0
"Primary individual","Lifecycle income","Selected scenario",,37,"Bank deposit saving",0
"Primary individual","Lifecycle income","Selected scenario",,38,"Bank deposit saving",0
"Primary individual","Lifecycle income","Selected scenario",,39,"Bank deposit saving",0
"Primary individual","Lifecycle income","Selected scenario",,40,"Bank deposit saving",0
"Primary individual","Lifecycle income","Selected scenario",,41,"Bank deposit saving",0
"Primary individual","Lifecycle income","Selected scenario",,42,"Bank deposit saving",0
"Primary individual","Lifecycle income","Selected scenario",,43,"Bank deposit saving",0
"Primary individual","Lifecycle income","Selected scenario",,44,"Bank deposit saving",0
"Primary individual","Lifecycle income","Selected scenario",,45,"Bank deposit saving",0
"Primary individual","Lifecycle income","Selected scenario",,46,"Bank deposit saving",0
"Primary individual","Lifecycle income","Selected scenario",,47,"Bank deposit saving",0
"Primary individual","Lifecycle income","Selected scenario",,48,"Bank deposit saving",0
"Primary individual","Lifecycle income","Selected scenario",,49,"Bank deposit saving",0
"Primary individual","Lifecycle income","Selected scenario",,50,"Bank deposit saving",0
"Primary individual","Lifecycle income","Selected scenario",,51,"Bank deposit saving",0
"Primary individual","Lifecycle income","Selected scenario",,52,"Bank deposit saving",0
"Primary individual","Lifecycle income","Selected scenario",,53,"Bank deposit saving",0
"Primary individual","Lifecycle income","Selected scenario",,54,"Bank deposit saving",0
"Primary individual","Lifecycle income","Selected scenario",,55,"Bank deposit saving",0
"Primary individual","Lifecycle income","Selected scenario",,56,"Bank deposit saving",0
"Primary individual","Lifecycle income","Selected scenario",,57,"Bank deposit saving",0
"Primary individual","Lifecycle income","Selected scenario",,58,"Bank deposit saving",0
"Primary individual","Lifecycle income","Selected scenario",,59,"Bank deposit saving",0
"Primary individual","Lifecycle income","Selected scenario",,60,"Bank deposit saving",0
"Primary individual","Lifecycle income","Selected scenario",,61,"Bank deposit saving",0
"Primary individual","Lifecycle income","Selected scenario",,62,"Bank deposit saving",0
"Primary individual","Lifecycle income","Selected scenario",,63,"Bank deposit saving",0
"Primary individual","Lifecycle income","Selected scenario",,64,"Bank deposit saving",0
"Primary individual","Lifecycle income","Selected scenario",,65,"Bank deposit saving",0
"Primary individual","Lifecycle income","Selected scenario",,66,"Bank deposit saving",0
"Primary individual","Lifecycle income","Selected scenario",,67,"Bank deposit saving",0
"Primary individual","Lifecycle income","Selected scenario",,68,"Bank deposit saving",0
"Primary individual","Lifecycle income","Selected scenario",,69,"Bank deposit saving",0
"Primary individual","Lifecycle income","Selected scenario",,70,"Bank deposit saving",0
"Primary individual","Lifecycle income","Selected scenario",,71,"Bank deposit saving",0
"Primary individual","Lifecycle income","Selected scenario",,72,"Bank deposit saving",0
"Primary individual","Lifecycle income","Selected scenario",,73,"Bank deposit saving",0
"Primary individual","Lifecycle income","Selected scenario",,74,"Bank deposit saving",0
"Primary individual","Lifecycle income","Selected scenario",,75,"Bank deposit saving",0
"Primary individual","Lifecycle income","Selected scenario",,76,"Bank deposit saving",0
"Primary individual","Lifecycle income","Selected scenario",,77,"Bank deposit saving",0
"Primary individual","Lifecycle income","Selected scenario",,78,"Bank deposit saving",0
"Primary individual","Lifecycle income","Selected scenario",,79,"Bank deposit saving",0
"Primary individual","Lifecycle income","Selected scenario",,80,"Bank deposit saving",0
"Primary individual","Lifecycle income","Selected scenario",,81,"Bank deposit saving",0
"Primary individual","Lifecycle income","Selected scenario",,82,"Bank deposit saving",0
"Primary individual","Lifecycle income","Selected scenario",,83,"Bank deposit saving",0
"Primary individual","Lifecycle income","Selected scenario",,84,"Bank deposit saving",0
"Primary individual","Lifecycle income","Selected scenario",,85,"Bank deposit saving",0
"Primary individual","Lifecycle income","Selected scenario",,86,"Bank deposit saving",0
"Primary individual","Lifecycle income","Selected scenario",,87,"Bank deposit saving",0
"Primary individual","Lifecycle income","Selected scenario",,88,"Bank deposit saving",0
"Primary individual","Lifecycle income","Selected scenario",,89,"Bank deposit saving",0
"Primary individual","Lifecycle income","Selected scenario",,90,"Bank deposit saving",0
"Primary individual","Lifecycle income","No-shock baseline",,20,"No-shock spendable income",38487
"Primary individual","Lifecycle income","No-shock baseline",,21,"No-shock spendable income",39972
"Primary individual","Lifecycle income","No-shock baseline",,22,"No-shock spendable income",41334.7125
"Primary individual","Lifecycle income","No-shock baseline",,23,"No-shock spendable income",42735.2345625
"Primary individual","Lifecycle income","No-shock baseline",,24,"No-shock spendable income",44198.7801178125
"Primary individual","Lifecycle income","No-shock baseline",,25,"No-shock spendable income",45728.1852231141
"Primary individual","Lifecycle income","No-shock baseline",,26,"No-shock spendable income",47326.4135581542
"Primary individual","Lifecycle income","No-shock baseline",,27,"No-shock spendable income",48996.5621682711
"Primary individual","Lifecycle income","No-shock baseline",,28,"No-shock spendable income",50741.8674658433
"Primary individual","Lifecycle income","No-shock baseline",,29,"No-shock spendable income",52565.7115018063
"Primary individual","Lifecycle income","No-shock baseline",,30,"No-shock spendable income",54471.6285193875
"Primary individual","Lifecycle income","No-shock baseline",,31,"No-shock spendable income",56506.5744750027
"Primary individual","Lifecycle income","No-shock baseline",,32,"No-shock spendable income",58634.8303263778
"Primary individual","Lifecycle income","No-shock baseline",,33,"No-shock spendable income",60858.8576910648
"Primary individual","Lifecycle income","No-shock baseline",,34,"No-shock spendable income",63182.9662871627
"Primary individual","Lifecycle income","No-shock baseline",,35,"No-shock spendable income",64154.4436803316
"Primary individual","Lifecycle income","No-shock baseline",,36,"No-shock spendable income",65143.4076665776
"Primary individual","Lifecycle income","No-shock baseline",,37,"No-shock spendable income",66150.173004576
"Primary individual","Lifecycle income","No-shock baseline",,38,"No-shock spendable income",67175.0601186584
"Primary individual","Lifecycle income","No-shock baseline",,39,"No-shock spendable income",68218.3952007942
"Primary individual","Lifecycle income","No-shock baseline",,40,"No-shock spendable income",69280.5103144085
"Primary individual","Lifecycle income","No-shock baseline",,41,"No-shock spendable income",70361.7435000679
"Primary individual","Lifecycle income","No-shock baseline",,42,"No-shock spendable income",71462.4388830691
"Primary individual","Lifecycle income","No-shock baseline",,43,"No-shock spendable income",72582.9467829644
"Primary individual","Lifecycle income","No-shock baseline",,44,"No-shock spendable income",73723.6238250577
"Primary individual","Lifecycle income","No-shock baseline",,45,"No-shock spendable income",74884.8330539088
"Primary individual","Lifecycle income","No-shock baseline",,46,"No-shock spendable income",76066.9440488791
"Primary individual","Lifecycle income","No-shock baseline",,47,"No-shock spendable income",77270.3330417589
"Primary individual","Lifecycle income","No-shock baseline",,48,"No-shock spendable income",78495.3830365106
"Primary individual","Lifecycle income","No-shock baseline",,49,"No-shock spendable income",79742.4839311678
"Primary individual","Lifecycle income","No-shock baseline",,50,"No-shock spendable income",81012.0326419288
"Primary individual","Lifecycle income","No-shock baseline",,51,"No-shock spendable income",82304.4332294835
"Primary individual","Lifecycle income","No-shock baseline",,52,"No-shock spendable income",83620.0970276142
"Primary individual","Lifecycle income","No-shock baseline",,53,"No-shock spendable income",84959.4427741113
"Primary individual","Lifecycle income","No-shock baseline",,54,"No-shock spendable income",86322.8967440453
"Primary individual","Lifecycle income","No-shock baseline",,55,"No-shock spendable income",87402.4492984619
"Primary individual","Lifecycle income","No-shock baseline",,56,"No-shock spendable income",88497.1155886404
"Primary individual","Lifecycle income","No-shock baseline",,57,"No-shock spendable income",89607.1072068814
"Primary individual","Lifecycle income","No-shock baseline",,58,"No-shock spendable income",90732.6387077777
"Primary individual","Lifecycle income","No-shock baseline",,59,"No-shock spendable income",91873.9276496866
"Primary individual","Lifecycle income","No-shock baseline",,60,"No-shock spendable income",93031.1946367822
"Primary individual","Lifecycle income","No-shock baseline",,61,"No-shock spendable income",94204.6633616971
"Primary individual","Lifecycle income","No-shock baseline",,62,"No-shock spendable income",95394.5606487609
"Primary individual","Lifecycle income","No-shock baseline",,63,"No-shock spendable income",96601.1164978436
"Primary individual","Lifecycle income","No-shock baseline",,64,"No-shock spendable income",97824.5641288134
"Primary individual","Lifecycle income","No-shock baseline",,65,"No-shock spendable income",99065.1400266167
"Primary individual","Lifecycle income","No-shock baseline",,66,"No-shock spendable income",100323.083986989
"Primary individual","Lifecycle income","No-shock baseline",,67,"No-shock spendable income",96047.2003760061
"Primary individual","Lifecycle income","No-shock baseline",,68,"No-shock spendable income",96047.2003760061
"Primary individual","Lifecycle income","No-shock baseline",,69,"No-shock spendable income",96047.2003760061
"Primary individual","Lifecycle income","No-shock baseline",,70,"No-shock spendable income",96047.2003760061
"Primary individual","Lifecycle income","No-shock baseline",,71,"No-shock spendable income",96047.2003760061
"Primary individual","Lifecycle income","No-shock baseline",,72,"No-shock spendable income",96047.2003760061
"Primary individual","Lifecycle income","No-shock baseline",,73,"No-shock spendable income",96047.2003760061
"Primary individual","Lifecycle income","No-shock baseline",,74,"No-shock spendable income",96047.2003760061
"Primary individual","Lifecycle income","No-shock baseline",,75,"No-shock spendable income",96047.2003760061
"Primary individual","Lifecycle income","No-shock baseline",,76,"No-shock spendable income",96047.2003760061
"Primary individual","Lifecycle income","No-shock baseline",,77,"No-shock spendable income",96047.2003760061
"Primary individual","Lifecycle income","No-shock baseline",,78,"No-shock spendable income",96047.2003760061
"Primary individual","Lifecycle income","No-shock baseline",,79,"No-shock spendable income",96047.2003760061
"Primary individual","Lifecycle income","No-shock baseline",,80,"No-shock spendable income",96047.2003760061
"Primary individual","Lifecycle income","No-shock baseline",,81,"No-shock spendable income",96047.2003760061
"Primary individual","Lifecycle income","No-shock baseline",,82,"No-shock spendable income",96047.2003760061
"Primary individual","Lifecycle income","No-shock baseline",,83,"No-shock spendable income",96047.2003760061
"Primary individual","Lifecycle income","No-shock baseline",,84,"No-shock spendable income",96047.2003760061
"Primary individual","Lifecycle income","No-shock baseline",,85,"No-shock spendable income",96047.2003760061
"Primary individual","Lifecycle income","No-shock baseline",,86,"No-shock spendable income",96047.2003760061
"Primary individual","Lifecycle income","No-shock baseline",,87,"No-shock spendable income",96047.2003760061
"Primary individual","Lifecycle income","No-shock baseline",,88,"No-shock spendable income",96047.2003760061
"Primary individual","Lifecycle income","No-shock baseline",,89,"No-shock spendable income",96047.2003760061
"Primary individual","Lifecycle income","No-shock baseline",,90,"No-shock spendable income",96047.2003760061
"Primary individual","Saving and super drawdown","Selected scenario",,20,"Opening super balance",0
"Primary individual","Saving and super drawdown","Selected scenario",,21,"Opening super balance",4456.73039146744
"Primary individual","Saving and super drawdown","Selected scenario",,22,"Opening super balance",9305.20846942438
"Primary individual","Saving and super drawdown","Selected scenario",,23,"Opening super balance",14571.2651840427
"Primary individual","Saving and super drawdown","Selected scenario",,24,"Opening super balance",20282.2457591026
"Primary individual","Saving and super drawdown","Selected scenario",,25,"Opening super balance",26467.0929300792
"Primary individual","Saving and super drawdown","Selected scenario",,26,"Opening super balance",33156.4345755554
"Primary individual","Saving and super drawdown","Selected scenario",,27,"Opening super balance",40382.6759674431
"Primary individual","Saving and super drawdown","Selected scenario",,28,"Opening super balance",48180.096876835
"Primary individual","Saving and super drawdown","Selected scenario",,29,"Opening super balance",56584.9537842058
"Primary individual","Saving and super drawdown","Selected scenario",,30,"Opening super balance",65635.5874551751
"Primary individual","Saving and super drawdown","Selected scenario",,31,"Opening super balance",75372.5361561456
"Primary individual","Saving and super drawdown","Selected scenario",,32,"Opening super balance",43354.4618331821
"Primary individual","Saving and super drawdown","Selected scenario",,33,"Opening super balance",7834.54847495233
"Primary individual","Saving and super drawdown","Selected scenario",,34,"Opening super balance",16068.8527182245
"Primary individual","Saving and super drawdown","Selected scenario",,35,"Opening super balance",25011.8296276177
"Primary individual","Saving and super drawdown","Selected scenario",,36,"Opening super balance",34487.0275696483
"Primary individual","Saving and super drawdown","Selected scenario",,37,"Opening super balance",44519.9531288218
"Primary individual","Saving and super drawdown","Selected scenario",,38,"Opening super balance",55137.2552634368
"Primary individual","Saving and super drawdown","Selected scenario",,39,"Opening super balance",66366.77518013
"Primary individual","Saving and super drawdown","Selected scenario",,40,"Opening super balance",78237.5983636483
"Primary individual","Saving and super drawdown","Selected scenario",,41,"Opening super balance",90780.1088545869
"Primary individual","Saving and super drawdown","Selected scenario",,42,"Opening super balance",104026.045871817
"Primary individual","Saving and super drawdown","Selected scenario",,43,"Opening super balance",118008.562880486
"Primary individual","Saving and super drawdown","Selected scenario",,44,"Opening super balance",132762.289210792
"Primary individual","Saving and super drawdown","Selected scenario",,45,"Opening super balance",148323.394337278
"Primary individual","Saving and super drawdown","Selected scenario",,46,"Opening super balance",164729.654933073
"Primary individual","Saving and super drawdown","Selected scenario",,47,"Opening super balance",182020.524818454
"Primary individual","Saving and super drawdown","Selected scenario",,48,"Opening super balance",200237.2079282
"Primary individual","Saving and super drawdown","Selected scenario",,49,"Opening super balance",219422.73442758
"Primary individual","Saving and super drawdown","Selected scenario",,50,"Opening super balance",239622.040112377
"Primary individual","Saving and super drawdown","Selected scenario",,51,"Opening super balance",260882.049234164
"Primary individual","Saving and super drawdown","Selected scenario",,52,"Opening super balance",283251.760898132
"Primary individual","Saving and super drawdown","Selected scenario",,53,"Opening super balance",306782.339187062
"Primary individual","Saving and super drawdown","Selected scenario",,54,"Opening super balance",331527.207171671
"Primary individual","Saving and super drawdown","Selected scenario",,55,"Opening super balance",357542.144974391
"Primary individual","Saving and super drawdown","Selected scenario",,56,"Opening super balance",384838.222701274
"Primary individual","Saving and super drawdown","Selected scenario",,57,"Opening super balance",413472.712865609
"Primary individual","Saving and super drawdown","Selected scenario",,58,"Opening super balance",443505.377343622
"Primary individual","Saving and super drawdown","Selected scenario",,59,"Opening super balance",474998.574621783
"Primary individual","Saving and super drawdown","Selected scenario",,60,"Opening super balance",508017.37165136
"Primary individual","Saving and super drawdown","Selected scenario",,61,"Opening super balance",542629.660508014
"Primary individual","Saving and super drawdown","Selected scenario",,62,"Opening super balance",578906.280062631
"Primary individual","Saving and super drawdown","Selected scenario",,63,"Opening super balance",616921.142878471
"Primary individual","Saving and super drawdown","Selected scenario",,64,"Opening super balance",656751.367558953
"Primary individual","Saving and super drawdown","Selected scenario",,65,"Opening super balance",698477.416779977
"Primary individual","Saving and super drawdown","Selected scenario",,66,"Opening super balance",742183.241250769
"Primary individual","Saving and super drawdown","Selected scenario",,67,"Opening super balance",787956.429857666
"Primary individual","Saving and super drawdown","Selected scenario",,68,"Opening super balance",755590.147099777
"Primary individual","Saving and super drawdown","Selected scenario",,69,"Opening super balance",721443.718790205
"Primary individual","Saving and super drawdown","Selected scenario",,70,"Opening super balance",685462.136923605
"Primary individual","Saving and super drawdown","Selected scenario",,71,"Opening super balance",650309.568054343
"Primary individual","Saving and super drawdown","Selected scenario",,72,"Opening super balance",615953.607897272
"Primary individual","Saving and super drawdown","Selected scenario",,73,"Opening super balance",582399.069931561
"Primary individual","Saving and super drawdown","Selected scenario",,74,"Opening super balance",549612.032377737
"Primary individual","Saving and super drawdown","Selected scenario",,75,"Opening super balance",517576.207758452
"Primary individual","Saving and super drawdown","Selected scenario",,76,"Opening super balance",486274.412785106
"Primary individual","Saving and super drawdown","Selected scenario",,77,"Opening super balance",455688.519088226
"Primary individual","Saving and super drawdown","Selected scenario",,78,"Opening super balance",425818.901238018
"Primary individual","Saving and super drawdown","Selected scenario",,79,"Opening super balance",396626.954406049
"Primary individual","Saving and super drawdown","Selected scenario",,80,"Opening super balance",368110.950498321
"Primary individual","Saving and super drawdown","Selected scenario",,81,"Opening super balance",340249.566375668
"Primary individual","Saving and super drawdown","Selected scenario",,82,"Opening super balance",312429.750672665
"Primary individual","Saving and super drawdown","Selected scenario",,83,"Opening super balance",283531.91711117
"Primary individual","Saving and super drawdown","Selected scenario",,84,"Opening super balance",253514.292499168
"Primary individual","Saving and super drawdown","Selected scenario",,85,"Opening super balance",222333.48493345
"Primary individual","Saving and super drawdown","Selected scenario",,86,"Opening super balance",189944.421074561
"Primary individual","Saving and super drawdown","Selected scenario",,87,"Opening super balance",155910.877833601
"Primary individual","Saving and super drawdown","Selected scenario",,88,"Opening super balance",120005.489714389
"Primary individual","Saving and super drawdown","Selected scenario",,89,"Opening super balance",82125.3052486196
"Primary individual","Saving and super drawdown","Selected scenario",,90,"Opening super balance",42161.7106372332
"Primary individual","Saving and super drawdown","Selected scenario",,20,"Opening bank deposit",0
"Primary individual","Saving and super drawdown","Selected scenario",,21,"Opening bank deposit",0
"Primary individual","Saving and super drawdown","Selected scenario",,22,"Opening bank deposit",0
"Primary individual","Saving and super drawdown","Selected scenario",,23,"Opening bank deposit",0
"Primary individual","Saving and super drawdown","Selected scenario",,24,"Opening bank deposit",0
"Primary individual","Saving and super drawdown","Selected scenario",,25,"Opening bank deposit",0
"Primary individual","Saving and super drawdown","Selected scenario",,26,"Opening bank deposit",0
"Primary individual","Saving and super drawdown","Selected scenario",,27,"Opening bank deposit",0
"Primary individual","Saving and super drawdown","Selected scenario",,28,"Opening bank deposit",0
"Primary individual","Saving and super drawdown","Selected scenario",,29,"Opening bank deposit",0
"Primary individual","Saving and super drawdown","Selected scenario",,30,"Opening bank deposit",0
"Primary individual","Saving and super drawdown","Selected scenario",,31,"Opening bank deposit",0
"Primary individual","Saving and super drawdown","Selected scenario",,32,"Opening bank deposit",0
"Primary individual","Saving and super drawdown","Selected scenario",,33,"Opening bank deposit",0
"Primary individual","Saving and super drawdown","Selected scenario",,34,"Opening bank deposit",0
"Primary individual","Saving and super drawdown","Selected scenario",,35,"Opening bank deposit",0
"Primary individual","Saving and super drawdown","Selected scenario",,36,"Opening bank deposit",0
"Primary individual","Saving and super drawdown","Selected scenario",,37,"Opening bank deposit",0
"Primary individual","Saving and super drawdown","Selected scenario",,38,"Opening bank deposit",0
"Primary individual","Saving and super drawdown","Selected scenario",,39,"Opening bank deposit",0
"Primary individual","Saving and super drawdown","Selected scenario",,40,"Opening bank deposit",0
"Primary individual","Saving and super drawdown","Selected scenario",,41,"Opening bank deposit",0
"Primary individual","Saving and super drawdown","Selected scenario",,42,"Opening bank deposit",0
"Primary individual","Saving and super drawdown","Selected scenario",,43,"Opening bank deposit",0
"Primary individual","Saving and super drawdown","Selected scenario",,44,"Opening bank deposit",0
"Primary individual","Saving and super drawdown","Selected scenario",,45,"Opening bank deposit",0
"Primary individual","Saving and super drawdown","Selected scenario",,46,"Opening bank deposit",0
"Primary individual","Saving and super drawdown","Selected scenario",,47,"Opening bank deposit",0
"Primary individual","Saving and super drawdown","Selected scenario",,48,"Opening bank deposit",0
"Primary individual","Saving and super drawdown","Selected scenario",,49,"Opening bank deposit",0
"Primary individual","Saving and super drawdown","Selected scenario",,50,"Opening bank deposit",0
"Primary individual","Saving and super drawdown","Selected scenario",,51,"Opening bank deposit",0
"Primary individual","Saving and super drawdown","Selected scenario",,52,"Opening bank deposit",0
"Primary individual","Saving and super drawdown","Selected scenario",,53,"Opening bank deposit",0
"Primary individual","Saving and super drawdown","Selected scenario",,54,"Opening bank deposit",0
"Primary individual","Saving and super drawdown","Selected scenario",,55,"Opening bank deposit",0
"Primary individual","Saving and super drawdown","Selected scenario",,56,"Opening bank deposit",0
"Primary individual","Saving and super drawdown","Selected scenario",,57,"Opening bank deposit",0
"Primary individual","Saving and super drawdown","Selected scenario",,58,"Opening bank deposit",0
"Primary individual","Saving and super drawdown","Selected scenario",,59,"Opening bank deposit",0
"Primary individual","Saving and super drawdown","Selected scenario",,60,"Opening bank deposit",0
"Primary individual","Saving and super drawdown","Selected scenario",,61,"Opening bank deposit",0
"Primary individual","Saving and super drawdown","Selected scenario",,62,"Opening bank deposit",0
"Primary individual","Saving and super drawdown","Selected scenario",,63,"Opening bank deposit",0
"Primary individual","Saving and super drawdown","Selected scenario",,64,"Opening bank deposit",0
"Primary individual","Saving and super drawdown","Selected scenario",,65,"Opening bank deposit",0
"Primary individual","Saving and super drawdown","Selected scenario",,66,"Opening bank deposit",0
"Primary individual","Saving and super drawdown","Selected scenario",,67,"Opening bank deposit",0
"Primary individual","Saving and super drawdown","Selected scenario",,68,"Opening bank deposit",0
"Primary individual","Saving and super drawdown","Selected scenario",,69,"Opening bank deposit",0
"Primary individual","Saving and super drawdown","Selected scenario",,70,"Opening bank deposit",0
"Primary individual","Saving and super drawdown","Selected scenario",,71,"Opening bank deposit",0
"Primary individual","Saving and super drawdown","Selected scenario",,72,"Opening bank deposit",0
"Primary individual","Saving and super drawdown","Selected scenario",,73,"Opening bank deposit",0
"Primary individual","Saving and super drawdown","Selected scenario",,74,"Opening bank deposit",0
"Primary individual","Saving and super drawdown","Selected scenario",,75,"Opening bank deposit",0
"Primary individual","Saving and super drawdown","Selected scenario",,76,"Opening bank deposit",0
"Primary individual","Saving and super drawdown","Selected scenario",,77,"Opening bank deposit",0
"Primary individual","Saving and super drawdown","Selected scenario",,78,"Opening bank deposit",0
"Primary individual","Saving and super drawdown","Selected scenario",,79,"Opening bank deposit",0
"Primary individual","Saving and super drawdown","Selected scenario",,80,"Opening bank deposit",0
"Primary individual","Saving and super drawdown","Selected scenario",,81,"Opening bank deposit",0
"Primary individual","Saving and super drawdown","Selected scenario",,82,"Opening bank deposit",0
"Primary individual","Saving and super drawdown","Selected scenario",,83,"Opening bank deposit",0
"Primary individual","Saving and super drawdown","Selected scenario",,84,"Opening bank deposit",0
"Primary individual","Saving and super drawdown","Selected scenario",,85,"Opening bank deposit",0
"Primary individual","Saving and super drawdown","Selected scenario",,86,"Opening bank deposit",0
"Primary individual","Saving and super drawdown","Selected scenario",,87,"Opening bank deposit",0
"Primary individual","Saving and super drawdown","Selected scenario",,88,"Opening bank deposit",0
"Primary individual","Saving and super drawdown","Selected scenario",,89,"Opening bank deposit",0
"Primary individual","Saving and super drawdown","Selected scenario",,90,"Opening bank deposit",0
"Primary individual","Saving and super drawdown","Selected scenario",,20,"Annual super withdrawal",0
"Primary individual","Saving and super drawdown","Selected scenario",,21,"Annual super withdrawal",0
"Primary individual","Saving and super drawdown","Selected scenario",,22,"Annual super withdrawal",0
"Primary individual","Saving and super drawdown","Selected scenario",,23,"Annual super withdrawal",0
"Primary individual","Saving and super drawdown","Selected scenario",,24,"Annual super withdrawal",0
"Primary individual","Saving and super drawdown","Selected scenario",,25,"Annual super withdrawal",0
"Primary individual","Saving and super drawdown","Selected scenario",,26,"Annual super withdrawal",0
"Primary individual","Saving and super drawdown","Selected scenario",,27,"Annual super withdrawal",0
"Primary individual","Saving and super drawdown","Selected scenario",,28,"Annual super withdrawal",0
"Primary individual","Saving and super drawdown","Selected scenario",,29,"Annual super withdrawal",0
"Primary individual","Saving and super drawdown","Selected scenario",,30,"Annual super withdrawal",0
"Primary individual","Saving and super drawdown","Selected scenario",,31,"Annual super withdrawal",35251.5744750027
"Primary individual","Saving and super drawdown","Selected scenario",,32,"Annual super withdrawal",37379.8303263778
"Primary individual","Saving and super drawdown","Selected scenario",,33,"Annual super withdrawal",0
"Primary individual","Saving and super drawdown","Selected scenario",,34,"Annual super withdrawal",0
"Primary individual","Saving and super drawdown","Selected scenario",,35,"Annual super withdrawal",0
"Primary individual","Saving and super drawdown","Selected scenario",,36,"Annual super withdrawal",0
"Primary individual","Saving and super drawdown","Selected scenario",,37,"Annual super withdrawal",0
"Primary individual","Saving and super drawdown","Selected scenario",,38,"Annual super withdrawal",0
"Primary individual","Saving and super drawdown","Selected scenario",,39,"Annual super withdrawal",0
"Primary individual","Saving and super drawdown","Selected scenario",,40,"Annual super withdrawal",0
"Primary individual","Saving and super drawdown","Selected scenario",,41,"Annual super withdrawal",0
"Primary individual","Saving and super drawdown","Selected scenario",,42,"Annual super withdrawal",0
"Primary individual","Saving and super drawdown","Selected scenario",,43,"Annual super withdrawal",0
"Primary individual","Saving and super drawdown","Selected scenario",,44,"Annual super withdrawal",0
"Primary individual","Saving and super drawdown","Selected scenario",,45,"Annual super withdrawal",0
"Primary individual","Saving and super drawdown","Selected scenario",,46,"Annual super withdrawal",0
"Primary individual","Saving and super drawdown","Selected scenario",,47,"Annual super withdrawal",0
"Primary individual","Saving and super drawdown","Selected scenario",,48,"Annual super withdrawal",0
"Primary individual","Saving and super drawdown","Selected scenario",,49,"Annual super withdrawal",0
"Primary individual","Saving and super drawdown","Selected scenario",,50,"Annual super withdrawal",0
"Primary individual","Saving and super drawdown","Selected scenario",,51,"Annual super withdrawal",0
"Primary individual","Saving and super drawdown","Selected scenario",,52,"Annual super withdrawal",0
"Primary individual","Saving and super drawdown","Selected scenario",,53,"Annual super withdrawal",0
"Primary individual","Saving and super drawdown","Selected scenario",,54,"Annual super withdrawal",0
"Primary individual","Saving and super drawdown","Selected scenario",,55,"Annual super withdrawal",0
"Primary individual","Saving and super drawdown","Selected scenario",,56,"Annual super withdrawal",0
"Primary individual","Saving and super drawdown","Selected scenario",,57,"Annual super withdrawal",0
"Primary individual","Saving and super drawdown","Selected scenario",,58,"Annual super withdrawal",0
"Primary individual","Saving and super drawdown","Selected scenario",,59,"Annual super withdrawal",0
"Primary individual","Saving and super drawdown","Selected scenario",,60,"Annual super withdrawal",0
"Primary individual","Saving and super drawdown","Selected scenario",,61,"Annual super withdrawal",0
"Primary individual","Saving and super drawdown","Selected scenario",,62,"Annual super withdrawal",0
"Primary individual","Saving and super drawdown","Selected scenario",,63,"Annual super withdrawal",0
"Primary individual","Saving and super drawdown","Selected scenario",,64,"Annual super withdrawal",0
"Primary individual","Saving and super drawdown","Selected scenario",,65,"Annual super withdrawal",0
"Primary individual","Saving and super drawdown","Selected scenario",,66,"Annual super withdrawal",0
"Primary individual","Saving and super drawdown","Selected scenario",,67,"Annual super withdrawal",75703.8864000605
"Primary individual","Saving and super drawdown","Selected scenario",,68,"Annual super withdrawal",75703.8864000605
"Primary individual","Saving and super drawdown","Selected scenario",,69,"Annual super withdrawal",75660.9864000605
"Primary individual","Saving and super drawdown","Selected scenario",,70,"Annual super withdrawal",72852.9864000605
"Primary individual","Saving and super drawdown","Selected scenario",,71,"Annual super withdrawal",70122.9864000605
"Primary individual","Saving and super drawdown","Selected scenario",,72,"Annual super withdrawal",67431.9864000605
"Primary individual","Saving and super drawdown","Selected scenario",,73,"Annual super withdrawal",64818.9864000605
"Primary individual","Saving and super drawdown","Selected scenario",,74,"Annual super withdrawal",62264.4864000605
"Primary individual","Saving and super drawdown","Selected scenario",,75,"Annual super withdrawal",59768.4864000605
"Primary individual","Saving and super drawdown","Selected scenario",,76,"Annual super withdrawal",57330.9864000605
"Primary individual","Saving and super drawdown","Selected scenario",,77,"Annual super withdrawal",54932.4864000605
"Primary individual","Saving and super drawdown","Selected scenario",,78,"Annual super withdrawal",52611.9864000605
"Primary individual","Saving and super drawdown","Selected scenario",,79,"Annual super withdrawal",50330.4864000605
"Primary individual","Saving and super drawdown","Selected scenario",,80,"Annual super withdrawal",48107.4864000605
"Primary individual","Saving and super drawdown","Selected scenario",,81,"Annual super withdrawal",46533.5418536651
"Primary individual","Saving and super drawdown","Selected scenario",,82,"Annual super withdrawal",46081.4698484913
"Primary individual","Saving and super drawdown","Selected scenario",,83,"Annual super withdrawal",45611.880053117
"Primary individual","Saving and super drawdown","Selected scenario",,84,"Annual super withdrawal",45124.0936531719
"Primary individual","Saving and super drawdown","Selected scenario",,85,"Annual super withdrawal",44617.405530229
"Primary individual","Saving and super drawdown","Selected scenario",,86,"Annual super withdrawal",44480.4864000605
"Primary individual","Saving and super drawdown","Selected scenario",,87,"Annual super withdrawal",44480.4864000605
"Primary individual","Saving and super drawdown","Selected scenario",,88,"Annual super withdrawal",44480.4864000605
"Primary individual","Saving and super drawdown","Selected scenario",,89,"Annual super withdrawal",44480.4864000605
"Primary individual","Saving and super drawdown","Selected scenario",,90,"Annual super withdrawal",44480.4864000605
"Primary individual","Saving and super drawdown","Selected scenario",,20,"Annual bank withdrawal",0
"Primary individual","Saving and super drawdown","Selected scenario",,21,"Annual bank withdrawal",0
"Primary individual","Saving and super drawdown","Selected scenario",,22,"Annual bank withdrawal",0
"Primary individual","Saving and super drawdown","Selected scenario",,23,"Annual bank withdrawal",0
"Primary individual","Saving and super drawdown","Selected scenario",,24,"Annual bank withdrawal",0
"Primary individual","Saving and super drawdown","Selected scenario",,25,"Annual bank withdrawal",0
"Primary individual","Saving and super drawdown","Selected scenario",,26,"Annual bank withdrawal",0
"Primary individual","Saving and super drawdown","Selected scenario",,27,"Annual bank withdrawal",0
"Primary individual","Saving and super drawdown","Selected scenario",,28,"Annual bank withdrawal",0
"Primary individual","Saving and super drawdown","Selected scenario",,29,"Annual bank withdrawal",0
"Primary individual","Saving and super drawdown","Selected scenario",,30,"Annual bank withdrawal",0
"Primary individual","Saving and super drawdown","Selected scenario",,31,"Annual bank withdrawal",0
"Primary individual","Saving and super drawdown","Selected scenario",,32,"Annual bank withdrawal",0
"Primary individual","Saving and super drawdown","Selected scenario",,33,"Annual bank withdrawal",0
"Primary individual","Saving and super drawdown","Selected scenario",,34,"Annual bank withdrawal",0
"Primary individual","Saving and super drawdown","Selected scenario",,35,"Annual bank withdrawal",0
"Primary individual","Saving and super drawdown","Selected scenario",,36,"Annual bank withdrawal",0
"Primary individual","Saving and super drawdown","Selected scenario",,37,"Annual bank withdrawal",0
"Primary individual","Saving and super drawdown","Selected scenario",,38,"Annual bank withdrawal",0
"Primary individual","Saving and super drawdown","Selected scenario",,39,"Annual bank withdrawal",0
"Primary individual","Saving and super drawdown","Selected scenario",,40,"Annual bank withdrawal",0
"Primary individual","Saving and super drawdown","Selected scenario",,41,"Annual bank withdrawal",0
"Primary individual","Saving and super drawdown","Selected scenario",,42,"Annual bank withdrawal",0
"Primary individual","Saving and super drawdown","Selected scenario",,43,"Annual bank withdrawal",0
"Primary individual","Saving and super drawdown","Selected scenario",,44,"Annual bank withdrawal",0
"Primary individual","Saving and super drawdown","Selected scenario",,45,"Annual bank withdrawal",0
"Primary individual","Saving and super drawdown","Selected scenario",,46,"Annual bank withdrawal",0
"Primary individual","Saving and super drawdown","Selected scenario",,47,"Annual bank withdrawal",0
"Primary individual","Saving and super drawdown","Selected scenario",,48,"Annual bank withdrawal",0
"Primary individual","Saving and super drawdown","Selected scenario",,49,"Annual bank withdrawal",0
"Primary individual","Saving and super drawdown","Selected scenario",,50,"Annual bank withdrawal",0
"Primary individual","Saving and super drawdown","Selected scenario",,51,"Annual bank withdrawal",0
"Primary individual","Saving and super drawdown","Selected scenario",,52,"Annual bank withdrawal",0
"Primary individual","Saving and super drawdown","Selected scenario",,53,"Annual bank withdrawal",0
"Primary individual","Saving and super drawdown","Selected scenario",,54,"Annual bank withdrawal",0
"Primary individual","Saving and super drawdown","Selected scenario",,55,"Annual bank withdrawal",0
"Primary individual","Saving and super drawdown","Selected scenario",,56,"Annual bank withdrawal",0
"Primary individual","Saving and super drawdown","Selected scenario",,57,"Annual bank withdrawal",0
"Primary individual","Saving and super drawdown","Selected scenario",,58,"Annual bank withdrawal",0
"Primary individual","Saving and super drawdown","Selected scenario",,59,"Annual bank withdrawal",0
"Primary individual","Saving and super drawdown","Selected scenario",,60,"Annual bank withdrawal",0
"Primary individual","Saving and super drawdown","Selected scenario",,61,"Annual bank withdrawal",0
"Primary individual","Saving and super drawdown","Selected scenario",,62,"Annual bank withdrawal",0
"Primary individual","Saving and super drawdown","Selected scenario",,63,"Annual bank withdrawal",0
"Primary individual","Saving and super drawdown","Selected scenario",,64,"Annual bank withdrawal",0
"Primary individual","Saving and super drawdown","Selected scenario",,65,"Annual bank withdrawal",0
"Primary individual","Saving and super drawdown","Selected scenario",,66,"Annual bank withdrawal",0
"Primary individual","Saving and super drawdown","Selected scenario",,67,"Annual bank withdrawal",0
"Primary individual","Saving and super drawdown","Selected scenario",,68,"Annual bank withdrawal",0
"Primary individual","Saving and super drawdown","Selected scenario",,69,"Annual bank withdrawal",0
"Primary individual","Saving and super drawdown","Selected scenario",,70,"Annual bank withdrawal",0
"Primary individual","Saving and super drawdown","Selected scenario",,71,"Annual bank withdrawal",0
"Primary individual","Saving and super drawdown","Selected scenario",,72,"Annual bank withdrawal",0
"Primary individual","Saving and super drawdown","Selected scenario",,73,"Annual bank withdrawal",0
"Primary individual","Saving and super drawdown","Selected scenario",,74,"Annual bank withdrawal",0
"Primary individual","Saving and super drawdown","Selected scenario",,75,"Annual bank withdrawal",0
"Primary individual","Saving and super drawdown","Selected scenario",,76,"Annual bank withdrawal",0
"Primary individual","Saving and super drawdown","Selected scenario",,77,"Annual bank withdrawal",0
"Primary individual","Saving and super drawdown","Selected scenario",,78,"Annual bank withdrawal",0
"Primary individual","Saving and super drawdown","Selected scenario",,79,"Annual bank withdrawal",0
"Primary individual","Saving and super drawdown","Selected scenario",,80,"Annual bank withdrawal",0
"Primary individual","Saving and super drawdown","Selected scenario",,81,"Annual bank withdrawal",0
"Primary individual","Saving and super drawdown","Selected scenario",,82,"Annual bank withdrawal",0
"Primary individual","Saving and super drawdown","Selected scenario",,83,"Annual bank withdrawal",0
"Primary individual","Saving and super drawdown","Selected scenario",,84,"Annual bank withdrawal",0
"Primary individual","Saving and super drawdown","Selected scenario",,85,"Annual bank withdrawal",0
"Primary individual","Saving and super drawdown","Selected scenario",,86,"Annual bank withdrawal",0
"Primary individual","Saving and super drawdown","Selected scenario",,87,"Annual bank withdrawal",0
"Primary individual","Saving and super drawdown","Selected scenario",,88,"Annual bank withdrawal",0
"Primary individual","Saving and super drawdown","Selected scenario",,89,"Annual bank withdrawal",0
"Primary individual","Saving and super drawdown","Selected scenario",,90,"Annual bank withdrawal",0
"Primary individual","Saving and super drawdown","No-shock baseline",,20,"No-shock opening super balance",0
"Primary individual","Saving and super drawdown","No-shock baseline",,21,"No-shock opening super balance",4456.73039146744
"Primary individual","Saving and super drawdown","No-shock baseline",,22,"No-shock opening super balance",9305.20846942438
"Primary individual","Saving and super drawdown","No-shock baseline",,23,"No-shock opening super balance",14571.2651840427
"Primary individual","Saving and super drawdown","No-shock baseline",,24,"No-shock opening super balance",20282.2457591026
"Primary individual","Saving and super drawdown","No-shock baseline",,25,"No-shock opening super balance",26467.0929300792
"Primary individual","Saving and super drawdown","No-shock baseline",,26,"No-shock opening super balance",33156.4345755554
"Primary individual","Saving and super drawdown","No-shock baseline",,27,"No-shock opening super balance",40382.6759674431
"Primary individual","Saving and super drawdown","No-shock baseline",,28,"No-shock opening super balance",48180.096876835
"Primary individual","Saving and super drawdown","No-shock baseline",,29,"No-shock opening super balance",56584.9537842058
"Primary individual","Saving and super drawdown","No-shock baseline",,30,"No-shock opening super balance",65635.5874551751
"Primary individual","Saving and super drawdown","No-shock baseline",,31,"No-shock opening super balance",75372.5361561456
"Primary individual","Saving and super drawdown","No-shock baseline",,32,"No-shock opening super balance",85838.65479789
"Primary individual","Saving and super drawdown","No-shock baseline",,33,"No-shock opening super balance",97079.2403095863
"Primary individual","Saving and super drawdown","No-shock baseline",,34,"No-shock opening super balance",109142.163560956
"Primary individual","Saving and super drawdown","No-shock baseline",,35,"No-shock opening super balance",122078.008166048
"Primary individual","Saving and super drawdown","No-shock baseline",,36,"No-shock opening super balance",135717.368800066
"Primary individual","Saving and super drawdown","No-shock baseline",,37,"No-shock opening super balance",150093.100644561
"Primary individual","Saving and super drawdown","No-shock baseline",,38,"No-shock opening super balance",165239.51651148
"Primary individual","Saving and super drawdown","No-shock baseline",,39,"No-shock opening super balance",181192.450242296
"Primary individual","Saving and super drawdown","No-shock baseline",,40,"No-shock opening super balance",197989.322842571
"Primary individual","Saving and super drawdown","No-shock baseline",,41,"No-shock opening super balance",215669.211469591
"Primary individual","Saving and super drawdown","No-shock baseline",,42,"No-shock opening super balance",234272.921395736
"Primary individual","Saving and super drawdown","No-shock baseline",,43,"No-shock opening super balance",253843.061075569
"Primary individual","Saving and super drawdown","No-shock baseline",,44,"No-shock opening super balance",274424.12045005
"Primary individual","Saving and super drawdown","No-shock baseline",,45,"No-shock opening super balance",296062.552627085
"Primary individual","Saving and super drawdown","No-shock baseline",,46,"No-shock opening super balance",318806.859083544
"Primary individual","Saving and super drawdown","No-shock baseline",,47,"No-shock opening super balance",342707.678540134
"Primary individual","Saving and super drawdown","No-shock baseline",,48,"No-shock opening super balance",367817.879667019
"Primary individual","Saving and super drawdown","No-shock baseline",,49,"No-shock opening super balance",394192.657784837
"Primary individual","Saving and super drawdown","No-shock baseline",,50,"No-shock opening super balance",421889.635732868
"Primary individual","Saving and super drawdown","No-shock baseline",,51,"No-shock opening super balance",450968.969083439
"Primary individual","Saving and super drawdown","No-shock baseline",,52,"No-shock opening super balance",481493.455889376
"Primary individual","Saving and super drawdown","No-shock baseline",,53,"No-shock opening super balance",513528.651159307
"Primary individual","Saving and super drawdown","No-shock baseline",,54,"No-shock opening super balance",547142.98626402
"Primary individual","Saving and super drawdown","No-shock baseline",,55,"No-shock opening super balance",582407.893485744
"Primary individual","Saving and super drawdown","No-shock baseline",,56,"No-shock opening super balance",619350.766571797
"Primary individual","Saving and super drawdown","No-shock baseline",,57,"No-shock opening super balance",658045.901964912
"Primary individual","Saving and super drawdown","No-shock baseline",,58,"No-shock opening super balance",698570.815801485
"Primary individual","Saving and super drawdown","No-shock baseline",,59,"No-shock opening super balance",741006.382490233
"Primary individual","Saving and super drawdown","No-shock baseline",,60,"No-shock opening super balance",785436.979242249
"Primary individual","Saving and super drawdown","No-shock baseline",,61,"No-shock opening super balance",831950.636807864
"Primary individual","Saving and super drawdown","No-shock baseline",,62,"No-shock opening super balance",880639.19668668
"Primary individual","Saving and super drawdown","No-shock baseline",,63,"No-shock opening super balance",931598.475088561
"Primary individual","Saving and super drawdown","No-shock baseline",,64,"No-shock opening super balance",984928.4339353
"Primary individual","Saving and super drawdown","No-shock baseline",,65,"No-shock opening super balance",1040733.35920509
"Primary individual","Saving and super drawdown","No-shock baseline",,66,"No-shock opening super balance",1099122.04693493
"Primary individual","Saving and super drawdown","No-shock baseline",,67,"No-shock opening super balance",1160207.99720951
"Primary individual","Saving and super drawdown","No-shock baseline",,68,"No-shock opening super balance",1127972.23668003
"Primary individual","Saving and super drawdown","No-shock baseline",,69,"No-shock opening super balance",1093963.50932142
"Primary individual","Saving and super drawdown","No-shock baseline",,70,"No-shock opening super balance",1058084.3019581
"Primary individual","Saving and super drawdown","No-shock baseline",,71,"No-shock opening super balance",1020231.73818979
"Primary individual","Saving and super drawdown","No-shock baseline",,72,"No-shock opening super balance",980297.283414218
"Primary individual","Saving and super drawdown","No-shock baseline",,73,"No-shock opening super balance",938166.433625994
"Primary individual","Saving and super drawdown","No-shock baseline",,74,"No-shock opening super balance",893718.387099417
"Primary individual","Saving and super drawdown","No-shock baseline",,75,"No-shock opening super balance",846825.698013879
"Primary individual","Saving and super drawdown","No-shock baseline",,76,"No-shock opening super balance",797353.911028637
"Primary individual","Saving and super drawdown","No-shock baseline",,77,"No-shock opening super balance",745161.175759205
"Primary individual","Saving and super drawdown","No-shock baseline",,78,"No-shock opening super balance",690097.840049956
"Primary individual","Saving and super drawdown","No-shock baseline",,79,"No-shock opening super balance",634486.420876697
"Primary individual","Saving and super drawdown","No-shock baseline",,80,"No-shock opening super balance",580164.87364891
"Primary individual","Saving and super drawdown","No-shock baseline",,81,"No-shock opening super balance",527087.141323593
"Primary individual","Saving and super drawdown","No-shock baseline",,82,"No-shock opening super balance",475224.133720385
"Primary individual","Saving and super drawdown","No-shock baseline",,83,"No-shock opening super balance",424564.660699
"Primary individual","Saving and super drawdown","No-shock baseline",,84,"No-shock opening super balance",375057.916661439
"Primary individual","Saving and super drawdown","No-shock baseline",,85,"No-shock opening super balance",326689.301701812
"Primary individual","Saving and super drawdown","No-shock baseline",,86,"No-shock opening super balance",278000.711766751
"Primary individual","Saving and super drawdown","No-shock baseline",,87,"No-shock opening super balance",227425.438971707
"Primary individual","Saving and super drawdown","No-shock baseline",,88,"No-shock opening super balance",174890.374355854
"Primary individual","Saving and super drawdown","No-shock baseline",,89,"No-shock opening super balance",119685.54456942
"Primary individual","Saving and super drawdown","No-shock baseline",,90,"No-shock opening super balance",61444.449144732
"Primary individual","Tax paid","Selected scenario",,20,"Non-superannuation tax",4370.14285714286
"Primary individual","Tax paid","Selected scenario",,21,"Non-superannuation tax",4813.71428571429
"Primary individual","Tax paid","Selected scenario",,22,"Non-superannuation tax",5466.35892857143
"Primary individual","Tax paid","Selected scenario",,23,"Non-superannuation tax",6171.88508035714
"Primary individual","Tax paid","Selected scenario",,24,"Non-superannuation tax",6909.15990897321
"Primary individual","Tax paid","Selected scenario",,25,"Non-superannuation tax",7679.612104877
"Primary individual","Tax paid","Selected scenario",,26,"Non-superannuation tax",8484.73464959647
"Primary individual","Tax paid","Selected scenario",,27,"Non-superannuation tax",9326.08770882831
"Primary individual","Tax paid","Selected scenario",,28,"Non-superannuation tax",10205.3016557256
"Primary individual","Tax paid","Selected scenario",,29,"Non-superannuation tax",11124.0802302332
"Primary individual","Tax paid","Selected scenario",,30,"Non-superannuation tax",12084.2038405937
"Primary individual","Tax paid","Selected scenario",,31,"Non-superannuation tax",0
"Primary individual","Tax paid","Selected scenario",,32,"Non-superannuation tax",0
"Primary individual","Tax paid","Selected scenario",,33,"Non-superannuation tax",15092.4036193246
"Primary individual","Tax paid","Selected scenario",,34,"Non-superannuation tax",16186.1017821942
"Primary individual","Tax paid","Selected scenario",,35,"Non-superannuation tax",16643.2676142737
"Primary individual","Tax paid","Selected scenario",,36,"Non-superannuation tax",17108.6624313306
"Primary individual","Tax paid","Selected scenario",,37,"Non-superannuation tax",17582.4343550946
"Primary individual","Tax paid","Selected scenario",,38,"Non-superannuation tax",18064.7341734863
"Primary individual","Tax paid","Selected scenario",,39,"Non-superannuation tax",18555.7153886091
"Primary individual","Tax paid","Selected scenario",,40,"Non-superannuation tax",19055.534265604
"Primary individual","Tax paid","Selected scenario",,41,"Non-superannuation tax",19564.3498823849
"Primary individual","Tax paid","Selected scenario",,42,"Non-superannuation tax",20082.3241802678
"Primary individual","Tax paid","Selected scenario",,43,"Non-superannuation tax",20609.6220155126
"Primary individual","Tax paid","Selected scenario",,44,"Non-superannuation tax",21146.4112117919
"Primary individual","Tax paid","Selected scenario",,45,"Non-superannuation tax",21692.8626136041
"Primary individual","Tax paid","Selected scenario",,46,"Non-superannuation tax",22249.150140649
"Primary individual","Tax paid","Selected scenario",,47,"Non-superannuation tax",22815.4508431807
"Primary individual","Tax paid","Selected scenario",,48,"Non-superannuation tax",23391.9449583579
"Primary individual","Tax paid","Selected scenario",,49,"Non-superannuation tax",23978.8159676084
"Primary individual","Tax paid","Selected scenario",,50,"Non-superannuation tax",24576.2506550253
"Primary individual","Tax paid","Selected scenario",,51,"Non-superannuation tax",25184.4391668158
"Primary individual","Tax paid","Selected scenario",,52,"Non-superannuation tax",25803.5750718185
"Primary individual","Tax paid","Selected scenario",,53,"Non-superannuation tax",26433.8554231112
"Primary individual","Tax paid","Selected scenario",,54,"Non-superannuation tax",27075.4808207272
"Primary individual","Tax paid","Selected scenario",,55,"Non-superannuation tax",27583.5055522174
"Primary individual","Tax paid","Selected scenario",,56,"Non-superannuation tax",28098.6426299484
"Primary individual","Tax paid","Selected scenario",,57,"Non-superannuation tax",28620.9916267677
"Primary individual","Tax paid","Selected scenario",,58,"Non-superannuation tax",29150.6535095424
"Primary individual","Tax paid","Selected scenario",,59,"Non-superannuation tax",29687.730658676
"Primary individual","Tax paid","Selected scenario",,60,"Non-superannuation tax",30232.3268878975
"Primary individual","Tax paid","Selected scenario",,61,"Non-superannuation tax",30784.5474643281
"Primary individual","Tax paid","Selected scenario",,62,"Non-superannuation tax",31344.4991288287
"Primary individual","Tax paid","Selected scenario",,63,"Non-superannuation tax",31912.2901166323
"Primary individual","Tax paid","Selected scenario",,64,"Non-superannuation tax",32488.0301782651
"Primary individual","Tax paid","Selected scenario",,65,"Non-superannuation tax",33071.8306007608
"Primary individual","Tax paid","Selected scenario",,66,"Non-superannuation tax",33663.8042291715
"Primary individual","Tax paid","Selected scenario",,67,"Non-superannuation tax",0
"Primary individual","Tax paid","Selected scenario",,68,"Non-superannuation tax",0
"Primary individual","Tax paid","Selected scenario",,69,"Non-superannuation tax",0
"Primary individual","Tax paid","Selected scenario",,70,"Non-superannuation tax",0
"Primary individual","Tax paid","Selected scenario",,71,"Non-superannuation tax",0
"Primary individual","Tax paid","Selected scenario",,72,"Non-superannuation tax",0
"Primary individual","Tax paid","Selected scenario",,73,"Non-superannuation tax",0
"Primary individual","Tax paid","Selected scenario",,74,"Non-superannuation tax",0
"Primary individual","Tax paid","Selected scenario",,75,"Non-superannuation tax",0
"Primary individual","Tax paid","Selected scenario",,76,"Non-superannuation tax",0
"Primary individual","Tax paid","Selected scenario",,77,"Non-superannuation tax",0
"Primary individual","Tax paid","Selected scenario",,78,"Non-superannuation tax",0
"Primary individual","Tax paid","Selected scenario",,79,"Non-superannuation tax",0
"Primary individual","Tax paid","Selected scenario",,80,"Non-superannuation tax",0
"Primary individual","Tax paid","Selected scenario",,81,"Non-superannuation tax",0
"Primary individual","Tax paid","Selected scenario",,82,"Non-superannuation tax",0
"Primary individual","Tax paid","Selected scenario",,83,"Non-superannuation tax",0
"Primary individual","Tax paid","Selected scenario",,84,"Non-superannuation tax",0
"Primary individual","Tax paid","Selected scenario",,85,"Non-superannuation tax",0
"Primary individual","Tax paid","Selected scenario",,86,"Non-superannuation tax",0
"Primary individual","Tax paid","Selected scenario",,87,"Non-superannuation tax",0
"Primary individual","Tax paid","Selected scenario",,88,"Non-superannuation tax",0
"Primary individual","Tax paid","Selected scenario",,89,"Non-superannuation tax",0
"Primary individual","Tax paid","Selected scenario",,90,"Non-superannuation tax",0
"Primary individual","Tax paid","Selected scenario",,20,"Superannuation tax",794.90581526735
"Primary individual","Tax paid","Selected scenario",,21,"Superannuation tax",883.298283986629
"Primary individual","Tax paid","Selected scenario",,22,"Superannuation tax",977.925897841759
"Primary individual","Tax paid","Selected scenario",,23,"Superannuation tax",1079.16608497895
"Primary individual","Tax paid","Selected scenario",,24,"Superannuation tax",1187.41741255435
"Primary individual","Tax paid","Selected scenario",,25,"Superannuation tax",1303.10071622901
"Primary individual","Tax paid","Selected scenario",,26,"Superannuation tax",1426.66028813762
"Primary individual","Tax paid","Selected scenario",,27,"Superannuation tax",1558.56512629039
"Primary individual","Tax paid","Selected scenario",,28,"Superannuation tax",1699.3102485147
"Primary individual","Tax paid","Selected scenario",,29,"Superannuation tax",1849.41807419755
"Primary individual","Tax paid","Selected scenario",,30,"Superannuation tax",2009.43987725202
"Primary individual","Tax paid","Selected scenario",,31,"Superannuation tax",889.941990540813
"Primary individual","Tax paid","Selected scenario",,32,"Superannuation tax",511.89674688294
"Primary individual","Tax paid","Selected scenario",,33,"Superannuation tax",1501.23341574768
"Primary individual","Tax paid","Selected scenario",,34,"Superannuation tax",1661.85066650342
"Primary individual","Tax paid","Selected scenario",,35,"Superannuation tax",1793.94077687998
"Primary individual","Tax paid","Selected scenario",,36,"Superannuation tax",1932.79191877077
"Primary individual","Tax paid","Selected scenario",,37,"Superannuation tax",2078.71384007901
"Primary individual","Tax paid","Selected scenario",,38,"Superannuation tax",2232.02993153245
"Primary individual","Tax paid","Selected scenario",,39,"Superannuation tax",2393.07781834607
"Primary individual","Tax paid","Selected scenario",,40,"Superannuation tax",2562.20997738204
"Primary individual","Tax paid","Selected scenario",,41,"Superannuation tax",2739.79438090299
"Primary individual","Tax paid","Selected scenario",,42,"Superannuation tax",2926.21516806151
"Primary individual","Tax paid","Selected scenario",,43,"Superannuation tax",3121.87334531786
"Primary individual","Tax paid","Selected scenario",,44,"Superannuation tax",3327.1875170292
"Primary individual","Tax paid","Selected scenario",,45,"Superannuation tax",3542.59464750684
"Primary individual","Tax paid","Selected scenario",,46,"Superannuation tax",3768.5508558938
"Primary individual","Tax paid","Selected scenario",,47,"Superannuation tax",4005.53224527298
"Primary individual","Tax paid","Selected scenario",,48,"Superannuation tax",4254.03576747674
"Primary individual","Tax paid","Selected scenario",,49,"Superannuation tax",4514.58012513195
"Primary individual","Tax paid","Selected scenario",,50,"Superannuation tax",4787.70671254028
"Primary individual","Tax paid","Selected scenario",,51,"Superannuation tax",5073.9805970623
"Primary individual","Tax paid","Selected scenario",,52,"Superannuation tax",5373.99154274542
"Primary individual","Tax paid","Selected scenario",,53,"Superannuation tax",5688.35507801071
"Primary individual","Tax paid","Selected scenario",,54,"Superannuation tax",6017.7136092911
"Primary individual","Tax paid","Selected scenario",,55,"Superannuation tax",6354.32441981677
"Primary individual","Tax paid","Selected scenario",,56,"Superannuation tax",6706.47420811035
"Primary individual","Tax paid","Selected scenario",,57,"Superannuation tax",7074.84497618994
"Primary individual","Tax paid","Selected scenario",,58,"Superannuation tax",7460.1481993915
"Primary individual","Tax paid","Selected scenario",,59,"Superannuation tax",7863.12609379509
"Primary individual","Tax paid","Selected scenario",,60,"Superannuation tax",8284.55293806616
"Primary individual","Tax paid","Selected scenario",,61,"Superannuation tax",8725.23645204699
"Primary individual","Tax paid","Selected scenario",,62,"Superannuation tax",9186.01923453333
"Primary individual","Tax paid","Selected scenario",,63,"Superannuation tax",9667.7802627761
"Primary individual","Tax paid","Selected scenario",,64,"Superannuation tax",10171.4364563567
"Primary individual","Tax paid","Selected scenario",,65,"Superannuation tax",10697.9443081978
"Primary individual","Tax paid","Selected scenario",,66,"Superannuation tax",11248.3015855918
"Primary individual","Tax paid","Selected scenario",,67,"Superannuation tax",0
"Primary individual","Tax paid","Selected scenario",,68,"Superannuation tax",0
"Primary individual","Tax paid","Selected scenario",,69,"Superannuation tax",0
"Primary individual","Tax paid","Selected scenario",,70,"Superannuation tax",0
"Primary individual","Tax paid","Selected scenario",,71,"Superannuation tax",0
"Primary individual","Tax paid","Selected scenario",,72,"Superannuation tax",0
"Primary individual","Tax paid","Selected scenario",,73,"Superannuation tax",0
"Primary individual","Tax paid","Selected scenario",,74,"Superannuation tax",0
"Primary individual","Tax paid","Selected scenario",,75,"Superannuation tax",0
"Primary individual","Tax paid","Selected scenario",,76,"Superannuation tax",0
"Primary individual","Tax paid","Selected scenario",,77,"Superannuation tax",0
"Primary individual","Tax paid","Selected scenario",,78,"Superannuation tax",0
"Primary individual","Tax paid","Selected scenario",,79,"Superannuation tax",0
"Primary individual","Tax paid","Selected scenario",,80,"Superannuation tax",0
"Primary individual","Tax paid","Selected scenario",,81,"Superannuation tax",0
"Primary individual","Tax paid","Selected scenario",,82,"Superannuation tax",0
"Primary individual","Tax paid","Selected scenario",,83,"Superannuation tax",0
"Primary individual","Tax paid","Selected scenario",,84,"Superannuation tax",0
"Primary individual","Tax paid","Selected scenario",,85,"Superannuation tax",0
"Primary individual","Tax paid","Selected scenario",,86,"Superannuation tax",0
"Primary individual","Tax paid","Selected scenario",,87,"Superannuation tax",0
"Primary individual","Tax paid","Selected scenario",,88,"Superannuation tax",0
"Primary individual","Tax paid","Selected scenario",,89,"Superannuation tax",0
"Primary individual","Tax paid","Selected scenario",,90,"Superannuation tax",0
