date,variable,JSP_DSP_age,JSP_age,JSP,NSA,NSA_age,JSP_xPP,JSP_xPP_age
2006-07-01,count_less6,214297,201671,218954,158175,143368,163138,147875
2006-08-01,count_less6,209457,197120,213819,157334,143013,162352,147564
2006-09-01,count_less6,205343,192992,209793,156868,142614,161887,147167
2006-10-01,count_less6,198050,185925,201996,153077,139434,158184,144070
2006-11-01,count_less6,197227,184850,201466,154280,140315,159403,144973
2006-12-01,count_less6,197536,185333,202452,158617,143974,163914,148794
2007-01-01,count_less6,204497,192619,210231,169456,154142,174962,159166
2007-02-01,count_less6,207072,195029,213279,171945,156232,177241,161039
2007-03-01,count_less6,199251,187322,204035,163067,148707,168334,153495
2007-04-01,count_less6,195108,183004,199283,158300,144380,163448,149062
2007-05-01,count_less6,190093,178049,193518,153781,140546,158821,145074
2007-06-01,count_less6,187009,174731,189911,150265,137366,155497,142059
2007-07-01,count_less6,184823,172423,187550,147847,135117,152915,139665
2007-08-01,count_less6,179751,167276,181959,143438,130914,148364,135355
2007-09-01,count_less6,175053,162611,177290,139195,126803,144234,131344
2007-10-01,count_less6,172765,159269,173336,135408,123507,140583,128202
2007-11-01,count_less6,172044,158428,172599,134386,122462,139506,127125
2007-12-01,count_less6,173861,160728,175133,137059,124764,142277,129513
2008-01-01,count_less6,184381,171594,186905,148523,135258,153931,140160
2008-02-01,count_less6,189576,176674,192947,153391,139462,158704,144280
2008-03-01,count_less6,186019,172890,188613,148729,135280,153912,139992
2008-04-01,count_less6,184674,172231,188079,147747,134209,152939,138931
2008-05-01,count_less6,182634,170036,185650,145492,132159,150738,136932
2008-06-01,count_less6,181254,168239,183935,144159,130980,149351,135627
2008-07-01,count_less6,185365,171979,187981,147443,134103,152692,138819
2008-08-01,count_less6,183031,169674,185165,145827,132676,150973,137302
2008-09-01,count_less6,182891,169472,185121,145826,132658,150931,137272
2008-10-01,count_less6,184679,170949,186618,147291,134117,152342,138677
2008-11-01,count_less6,189463,175097,191645,151224,137376,156352,141975
2008-12-01,count_less6,204236,189197,207201,165521,150040,170775,154754
2009-01-01,count_less6,222874,207598,227307,184937,167727,190325,172550
2009-02-01,count_less6,236535,220954,242064,198547,180031,203662,184642
2009-03-01,count_less6,249881,233825,255937,211082,191417,215994,195857
2009-04-01,count_less6,264648,247986,271824,225146,203793,230210,208366
2009-05-01,count_less6,267461,251030,274826,228524,207066,233445,211482
2009-06-01,count_less6,267481,251105,275177,228924,207372,233873,211791
2009-07-01,count_less6,266689,250276,274177,227969,206583,232827,210906
2009-08-01,count_less6,258662,242183,265330,220171,199242,224989,203537
2009-09-01,count_less6,250400,233989,256458,212429,192192,217294,196547
2009-10-01,count_less6,237549,221453,242498,200040,181115,204879,185467
2009-11-01,count_less6,228711,212603,233304,191465,172987,196280,177319
2009-12-01,count_less6,231451,215211,236236,194364,175471,199419,180025
2010-01-01,count_less6,237390,221436,243174,201714,182153,206949,186854
2010-02-01,count_less6,239029,222847,245071,203305,183372,208232,187787
2010-03-01,count_less6,235509,219254,240906,198448,179106,203435,183564
2010-04-01,count_less6,236459,219845,241705,198524,179041,203460,183454
2010-05-01,count_less6,229371,212860,233850,191892,173083,196671,177361
2010-06-01,count_less6,224950,208457,228874,187368,169077,192238,173420
2010-07-01,count_less6,221719,205069,225168,184084,166031,188760,170197
2010-08-01,count_less6,213893,197180,216259,176542,159289,181257,163470
2010-09-01,count_less6,211379,194502,213629,174192,157023,179078,161346
2010-10-01,count_less6,205465,188829,207334,168819,152171,173796,156587
2010-11-01,count_less6,205576,188728,207534,168409,151563,173364,155972
2010-12-01,count_less6,211527,194794,214303,175123,157644,180296,162253
2011-01-01,count_less6,222630,206372,226689,187574,169156,192843,173863
2011-02-01,count_less6,227161,211174,232383,192641,173529,197593,177968
2011-03-01,count_less6,222097,206243,226663,187253,168739,192175,173128
2011-04-01,count_less6,222561,206425,227092,187024,168363,192136,172885
2011-05-01,count_less6,216763,201273,220956,182581,164623,187537,168964
2011-06-01,count_less6,215276,199808,219482,181196,163169,186094,167482
2011-07-01,count_less6,213453,197838,217332,178825,161004,183778,165387
2011-08-01,count_less6,208902,193388,212178,174943,157580,179755,161857
2011-09-01,count_less6,206012,190804,209816,172986,155537,177916,159947
2011-10-01,count_less6,200572,186107,204628,168987,151986,173772,156295
2011-11-01,count_less6,205307,190607,210143,173264,155491,178102,159833
2011-12-01,count_less6,210659,196204,216470,179893,161352,184850,165783
2012-01-01,count_less6,220987,206898,227957,191676,172227,196699,176683
2012-02-01,count_less6,227709,214076,236182,198688,178258,203537,182575
2012-03-01,count_less6,226149,212809,234572,196164,176121,200987,180378
2012-04-01,count_less6,227273,214231,236346,197655,177253,202503,181538
2012-05-01,count_less6,225548,212991,235032,196939,176561,201719,180753
2012-06-01,count_less6,225165,212890,235113,197072,176509,201870,180740
2012-07-01,count_less6,223653,211522,233553,195984,175664,200605,179744
2012-08-01,count_less6,220152,208003,225640,188959,172870,193495,176941
2012-09-01,count_less6,216346,204310,218369,182258,169720,186878,173900
2012-10-01,count_less6,215612,203565,214511,178888,169373,183476,173544
2012-11-01,count_less6,219084,206840,215741,179389,172101,184100,176417
2012-12-01,count_less6,224583,212277,218785,182473,177462,187309,181896
2013-01-01,count_less6,236646,224547,229131,263240,259706,268179,264265
2013-02-01,count_less6,243086,230948,236369,267689,263639,272617,268160
2013-03-01,count_less6,240527,228222,234158,263579,259031,268519,263575
2013-04-01,count_less6,240678,228352,234960,261899,256850,266761,261290
2013-05-01,count_less6,240607,228249,235013,259244,254033,263992,258356
2013-06-01,count_less6,239591,227244,234666,257487,251764,262256,256105
2013-07-01,count_less6,240566,228077,237128,201173,194283,206010,198669
2013-08-01,count_less6,234579,222128,232439,197215,188854,201981,193162
2013-09-01,count_less6,229604,217180,228990,194660,184859,199315,189081
2013-10-01,count_less6,229958,217572,230708,196329,185190,200858,189306
2013-11-01,count_less6,228309,215962,230398,196715,184343,201161,188380
2013-12-01,count_less6,231691,219482,234601,201603,188347,206046,192403
2014-01-01,count_less6,241005,229060,244478,211778,198087,216171,202101
2014-02-01,count_less6,242122,230437,245820,212861,199229,216955,202962
2014-03-01,count_less6,240384,228810,244133,210307,196721,214468,200503
2014-04-01,count_less6,240810,229254,244543,210494,196921,214722,200763
2014-05-01,count_less6,236241,225137,239886,206815,193514,210930,197241
2014-06-01,count_less6,229888,219050,233684,201072,188029,205149,191704
2014-07-01,count_less6,226969,216204,230705,198033,185184,202116,188857
2014-08-01,count_less6,218711,208130,222427,190766,178038,194856,181728
2014-09-01,count_less6,211871,201639,215813,185417,172675,189563,176423
2014-10-01,count_less6,206270,196236,210109,180468,167897,184662,171674
2014-11-01,count_less6,207240,197117,211326,181239,168562,185540,172429
2014-12-01,count_less6,216241,206086,220583,189834,176792,194295,180796
2015-01-01,count_less6,223617,213622,228214,198095,184769,202598,188828
2015-02-01,count_less6,226856,217005,231775,200997,187593,205279,191451
2015-03-01,count_less6,226923,217119,232079,200464,186804,204675,190596
2015-04-01,count_less6,230427,220615,235869,203476,189586,207709,193394
2015-05-01,count_less6,226550,216975,231866,200068,186363,204382,190259
2015-06-01,count_less6,222218,212800,227464,195888,182366,200304,186355
2015-07-01,count_less6,222897,213789,228405,196585,183194,201068,187221
2015-08-01,count_less6,214214,205444,219851,189161,175729,193618,179737
2015-09-01,count_less6,210923,202636,217207,186909,173448,191377,177447
2015-10-01,count_less6,204321,196596,210985,181641,168219,186127,172226
2015-11-01,count_less6,202428,195103,209684,180055,166461,184544,170485
2015-12-01,count_less6,208686,201727,216341,186483,172747,190948,176748
2016-01-01,count_less6,213774,207187,221962,192447,178422,196862,182399
2016-02-01,count_less6,217186,211074,226024,195674,181516,199727,185177
2016-03-01,count_less6,216450,210541,225327,194641,180426,198564,184003
2016-04-01,count_less6,219102,213469,228240,197707,183496,201446,186882
2016-05-01,count_less6,216319,210789,225265,195104,181074,198720,184381
2016-06-01,count_less6,214780,209299,223879,193537,179550,197309,182992
2016-07-01,count_less6,215052,209381,223939,193290,179443,197135,182933
2016-08-01,count_less6,211063,205161,219400,189685,175985,193591,179529
2016-09-01,count_less6,210518,204474,218966,189755,175914,193723,179513
2016-10-01,count_less6,206945,200613,215167,186364,172429,190254,175943
2016-11-01,count_less6,208473,201869,216748,187771,173569,191585,177027
2016-12-01,count_less6,212065,205217,219838,191333,177174,195137,180644
2017-01-01,count_less6,216274,209537,224048,196631,182385,200367,185785
2017-02-01,count_less6,218427,211543,226410,198681,184221,202206,187420
2017-03-01,count_less6,212334,205385,219682,192297,178160,195714,181278
2017-04-01,count_less6,211809,204761,219103,191771,177624,195243,180797
2017-05-01,count_less6,205907,199036,212628,186354,172768,189928,176029
2017-06-01,count_less6,198776,191910,205515,179764,166371,183376,169658
2017-07-01,count_less6,194306,187433,201148,175842,162470,179258,165581
2017-08-01,count_less6,185437,178486,192035,168584,155145,171993,158237
2017-09-01,count_less6,181534,174644,188611,165851,152176,169314,155286
2017-10-01,count_less6,175417,168649,182507,160411,146806,163919,149935
2017-11-01,count_less6,177587,170713,185424,162862,148595,166314,151677
2017-12-01,count_less6,179335,172544,187390,165219,150769,168805,153984
2018-01-01,count_less6,184464,177703,192743,170597,155773,174325,159131
2018-02-01,count_less6,187238,180451,196009,172577,157461,176119,160655
2018-03-01,count_less6,183101,176341,191570,168291,153445,171788,156574
2018-04-01,count_less6,182957,176185,191577,168188,153131,171732,156294
2018-05-01,count_less6,177594,170845,185621,162929,148294,166356,151341
2018-06-01,count_less6,173602,166833,181439,158669,144172,162161,147264
2018-07-01,count_less6,173810,167111,181610,158746,144448,162202,147525
2018-08-01,count_less6,169669,163037,176946,154910,141083,158365,144135
2018-09-01,count_less6,170371,163832,177923,155472,141550,159013,144718
2018-10-01,count_less6,167095,160624,174495,152140,138436,155637,141581
2018-11-01,count_less6,168212,161750,176153,153390,139344,156940,142522
2018-12-01,count_less6,171384,164890,179391,156824,142673,160335,145839
2019-01-01,count_less6,177975,171589,186559,164139,149558,167625,152689
2019-02-01,count_less6,184104,177619,193193,170415,155371,173709,158323
2019-03-01,count_less6,182091,175525,191040,168184,153101,171373,155977
2019-04-01,count_less6,181558,174851,190629,167625,152392,170612,155066
2019-05-01,count_less6,178482,171722,186970,164659,149821,167404,152302
2019-06-01,count_less6,177615,170800,185972,163299,148675,165888,151013
2019-07-01,count_less6,175684,168732,183634,160511,146226,163036,148488
2019-08-01,count_less6,171353,164298,179178,156618,142280,159120,144513
2019-09-01,count_less6,167775,160685,175489,153573,139387,156098,141616
2019-10-01,count_less6,165112,157981,172666,151099,137083,153727,139376
2019-11-01,count_less6,164920,157744,172858,150844,136481,153648,138948
2019-12-01,count_less6,167016,159829,174995,152973,138460,155945,141085
2020-01-01,count_less6,173737,166579,182156,160144,145112,163323,147910
2020-02-01,count_less6,177089,170066,186080,163774,148368,166815,151045
2020-03-01,count_less6,181984,174973,191760,168070,151948,171237,154731
2020-04-01,count_less6,704559,697007,753778,712218,654700,,
2020-05-01,count_less6,883410,876154,951838,910383,833553,,
2020-06-01,count_less6,893709,886623,966989,923967,842271,,
2020-07-01,count_less6,873829,866778,948570,904736,821673,,
2020-08-01,count_less6,853714,846625,929574,885937,801689,,
2020-09-01,count_less6,844031,836944,920304,877298,792730,,
2020-10-01,count_less6,475752,469336,512778,488660,445080,,
2020-11-01,count_less6,337012,330572,359251,336880,308409,,
2020-12-01,count_less6,280084,273547,296312,275789,253472,,
2021-01-01,count_less6,252912,246341,266022,248120,228749,,
2021-02-01,count_less6,224488,217927,235292,218761,201735,,
2021-03-01,count_less6,196089,189357,204538,189513,174445,,
2021-04-01,count_less6,175837,168983,183270,170154,155928,,
2021-05-01,count_less6,163156,156310,170138,157343,143574,,
2021-06-01,count_less6,154211,147255,160969,148215,134468,,
2021-07-01,count_less6,154367,147321,161211,147587,133812,,
2021-08-01,count_less6,151223,144054,157520,144401,130930,,
2021-09-01,count_less6,154872,147715,161729,148060,134151,,
2021-10-01,count_less6,152777,145558,159409,145558,131852,,
2021-11-01,count_less6,152729,145419,159375,145047,131211,,
2021-12-01,count_less6,159427,151953,166187,151015,136917,,
2022-01-01,count_less6,165592,158130,172733,157199,142618,,
2022-02-01,count_less6,170049,162679,177803,161189,146135,,
2022-03-01,count_less6,165210,157755,172759,155520,140573,,
2022-04-01,count_less6,166778,159141,174763,156451,140949,,
2022-05-01,count_less6,163329,155622,171206,153014,137445,,
2022-06-01,count_less6,158729,150954,166537,148095,132482,,
2022-07-01,count_less6,160009,152082,167764,149002,133463,,
2022-08-01,count_less6,159388,151297,167036,148420,132798,,
2022-09-01,count_less6,160424,152101,167969,149135,133473,,
2022-10-01,count_less6,157618,149296,164686,146130,130931,,
2022-11-01,count_less6,161349,152945,168928,149215,133643,,
2022-12-01,count_less6,162445,154020,169846,150144,134714,,
2023-01-01,count_less6,163667,155491,171567,152545,136807,,
2023-02-01,count_less6,165887,157993,174479,154956,138941,,
2023-03-01,count_less6,163780,156066,172480,152942,136890,,
2006-07-01,count_halftoyear,127387,113747,124246,78932,70244,80252,71449
2006-08-01,count_halftoyear,128504,114932,125737,79082,70258,80434,71487
2006-09-01,count_halftoyear,126756,113442,123837,77182,68727,78481,69897
2006-10-01,count_halftoyear,126953,113654,124336,77012,68426,78283,69578
2006-11-01,count_halftoyear,122904,109871,119928,73643,65528,74881,66660
2006-12-01,count_halftoyear,123012,109868,119838,72829,64904,74128,66099
2007-01-01,count_halftoyear,125336,112085,122058,73820,65941,75139,67156
2007-02-01,count_halftoyear,122745,109580,119198,74116,66499,75382,67668
2007-03-01,count_halftoyear,119999,106771,116661,74063,66317,75315,67468
2007-04-01,count_halftoyear,115356,102274,111744,72358,64882,73606,66028
2007-05-01,count_halftoyear,115944,102637,112595,74391,66662,75694,67869
2007-06-01,count_halftoyear,112918,99742,109591,74404,66644,75645,67778
2007-07-01,count_halftoyear,109931,96991,106581,74475,66822,75736,67979
2007-08-01,count_halftoyear,110045,96894,106756,73910,66238,75189,67404
2007-09-01,count_halftoyear,107648,94675,103831,71461,64306,72755,65485
2007-10-01,count_halftoyear,107485,94201,103251,70787,63724,72089,64916
2007-11-01,count_halftoyear,104448,91321,99792,68173,61463,69494,62655
2007-12-01,count_halftoyear,104201,90987,99359,67846,61260,69192,62474
2008-01-01,count_halftoyear,105168,91911,100558,68707,61967,70034,63155
2008-02-01,count_halftoyear,104098,90749,99221,68113,61343,69380,62488
2008-03-01,count_halftoyear,102473,89055,97722,66847,60032,68147,61192
2008-04-01,count_halftoyear,102227,88023,96506,65676,58978,67030,60189
2008-05-01,count_halftoyear,103211,88886,97635,66667,59731,67988,60905
2008-06-01,count_halftoyear,103008,88996,97608,66850,59875,68147,61058
2008-07-01,count_halftoyear,103843,89968,98584,67968,60921,69261,62099
2008-08-01,count_halftoyear,105908,91908,101157,69462,62157,70767,63335
2008-09-01,count_halftoyear,107218,92974,102108,70130,62897,71435,64075
2008-10-01,count_halftoyear,107809,94049,103466,71158,63702,72448,64875
2008-11-01,count_halftoyear,107942,93951,103149,70999,63760,72307,64963
2008-12-01,count_halftoyear,109520,95069,104422,72161,64913,73499,66124
2009-01-01,count_halftoyear,113963,99063,108742,75673,68193,77053,69438
2009-02-01,count_halftoyear,115683,100792,110387,77944,70301,79306,71523
2009-03-01,count_halftoyear,117674,102566,112512,79888,72018,81267,73253
2009-04-01,count_halftoyear,121162,105700,115812,82913,74899,84217,76060
2009-05-01,count_halftoyear,126529,110445,121471,87686,78957,89031,80148
2009-06-01,count_halftoyear,134830,118077,129828,95059,85461,96418,86684
2009-07-01,count_halftoyear,141408,124310,136898,101979,91449,103322,92655
2009-08-01,count_halftoyear,148057,130701,144168,108426,97149,109770,98359
2009-09-01,count_halftoyear,157184,139307,153703,117108,104813,118411,105965
2009-10-01,count_halftoyear,166821,148422,164076,126342,112797,127708,114015
2009-11-01,count_halftoyear,167192,148970,164544,127314,113644,128606,114787
2009-12-01,count_halftoyear,166349,148204,163977,126915,113232,128145,114324
2010-01-01,count_halftoyear,167303,149237,164940,127752,114117,128932,115153
2010-02-01,count_halftoyear,164342,146236,161606,125058,111510,126252,112562
2010-03-01,count_halftoyear,158341,140230,154981,119235,106298,120385,107329
2010-04-01,count_halftoyear,149821,132091,145853,111526,99488,112633,100479
2010-05-01,count_halftoyear,145792,128082,141593,107784,96069,108879,97043
2010-06-01,count_halftoyear,145948,128034,141501,107810,96077,108961,97121
2010-07-01,count_halftoyear,143460,125718,139173,106137,94461,107395,95602
2010-08-01,count_halftoyear,142431,124581,138062,104676,93119,105901,94235
2010-09-01,count_halftoyear,141615,123625,136788,103050,91750,104290,92884
2010-10-01,count_halftoyear,142446,124085,137377,103249,91910,104433,92984
2010-11-01,count_halftoyear,139326,121040,133795,100465,89501,101674,90584
2010-12-01,count_halftoyear,137260,119027,131491,98402,87614,99573,88656
2011-01-01,count_halftoyear,137436,119147,131514,98467,87755,99638,88785
2011-02-01,count_halftoyear,135603,117398,129394,97233,86730,98433,87778
2011-03-01,count_halftoyear,134765,116438,128496,96197,85753,97469,86864
2011-04-01,count_halftoyear,131336,113196,124828,93121,82959,94438,84131
2011-05-01,count_halftoyear,132878,114558,126530,94329,83946,95644,85125
2011-06-01,count_halftoyear,133986,115808,127844,95799,85399,97154,86607
2011-07-01,count_halftoyear,134058,116292,128401,96918,86302,98257,87490
2011-08-01,count_halftoyear,134100,116678,129217,97268,86423,98526,87543
2011-09-01,count_halftoyear,132565,115438,127697,96121,85405,97329,86471
2011-10-01,count_halftoyear,134361,117143,129798,97796,86741,99054,87839
2011-11-01,count_halftoyear,130352,113820,125846,95192,84526,96443,85614
2011-12-01,count_halftoyear,130755,114252,126335,95529,84739,96780,85840
2012-01-01,count_halftoyear,132513,116030,128260,97035,86111,98349,87275
2012-02-01,count_halftoyear,132374,116099,128152,97611,86695,98931,87867
2012-03-01,count_halftoyear,130942,115010,127280,96910,85860,98288,87091
2012-04-01,count_halftoyear,128598,113379,125578,95949,84923,97306,86144
2012-05-01,count_halftoyear,132427,117016,130067,99238,87586,100644,88837
2012-06-01,count_halftoyear,134232,119124,132401,101808,89956,103271,91244
2012-07-01,count_halftoyear,135712,121004,134366,104250,92157,105689,93416
2012-08-01,count_halftoyear,138328,123996,137933,106820,94257,108209,95465
2012-09-01,count_halftoyear,140297,126283,140269,108752,96147,110104,97301
2012-10-01,count_halftoyear,142450,128669,142993,111103,98152,112485,99342
2012-11-01,count_halftoyear,141055,127662,141784,110468,97603,111824,98775
2012-12-01,count_halftoyear,141730,128591,143019,111843,98684,113121,99796
2013-01-01,count_halftoyear,143664,130595,145227,114102,100823,115345,101909
2013-02-01,count_halftoyear,144502,131440,143603,113120,102099,114359,103215
2013-03-01,count_halftoyear,142854,129844,139773,109669,100824,111011,102034
2013-04-01,count_halftoyear,142658,129661,137432,107670,100769,109060,102035
2013-05-01,count_halftoyear,146222,133042,139543,109188,103691,110683,105067
2013-06-01,count_halftoyear,148034,134700,139448,109520,105612,111012,106985
2013-07-01,count_halftoyear,150918,137702,140842,168422,165677,169939,167068
2013-08-01,count_halftoyear,153305,140067,143930,169849,166671,171384,168073
2013-09-01,count_halftoyear,155202,141906,146103,170674,167180,172233,168610
2013-10-01,count_halftoyear,156174,142821,147585,171047,167169,172630,168609
2013-11-01,count_halftoyear,156140,142818,147829,170417,166252,171908,167616
2013-12-01,count_halftoyear,157224,144088,149758,171363,166699,172891,168090
2014-01-01,count_halftoyear,159388,146105,153213,123254,117654,124825,119056
2014-02-01,count_halftoyear,158256,145011,152909,123398,116809,124996,118226
2014-03-01,count_halftoyear,154887,141619,150695,121874,114189,123352,115514
2014-04-01,count_halftoyear,155086,141894,152065,122919,114163,124312,115406
2014-05-01,count_halftoyear,154630,141561,152794,124236,114535,125575,115722
2014-06-01,count_halftoyear,154293,141421,153124,125211,114874,126482,116010
2014-07-01,count_halftoyear,155785,143154,154885,127386,116919,128623,118037
2014-08-01,count_halftoyear,155354,143070,154700,126931,116595,128164,117711
2014-09-01,count_halftoyear,156510,144390,156005,127668,117342,128921,118466
2014-10-01,count_halftoyear,157395,145350,156873,128550,118270,129764,119365
2014-11-01,count_halftoyear,153362,141758,152880,125356,115248,126543,116305
2014-12-01,count_halftoyear,151113,139756,150908,123665,113621,124817,114658
2015-01-01,count_halftoyear,151502,140230,151376,123936,113985,125118,115033
2015-02-01,count_halftoyear,148966,137874,149051,122435,112406,123624,113456
2015-03-01,count_halftoyear,144510,133719,144743,119058,109052,120280,110134
2015-04-01,count_halftoyear,141429,130849,141557,116586,106751,117823,107842
2015-05-01,count_halftoyear,142319,131709,142630,117365,107505,118638,108609
2015-06-01,count_halftoyear,145825,135240,146303,120694,110591,122101,111820
2015-07-01,count_halftoyear,146500,136128,147058,122076,111927,123510,113204
2015-08-01,count_halftoyear,145965,135793,146845,121351,111179,122784,112453
2015-09-01,count_halftoyear,147090,137013,148232,122003,111610,123448,112888
2015-10-01,count_halftoyear,149092,139088,150586,123604,113009,125051,114288
2015-11-01,count_halftoyear,146991,137293,148528,121938,111425,123419,112747
2015-12-01,count_halftoyear,145036,135573,146772,120364,109849,121830,111157
2016-01-01,count_halftoyear,147436,138275,149644,122899,112284,124377,113591
2016-02-01,count_halftoyear,143954,135100,146392,120417,109634,121879,110943
2016-03-01,count_halftoyear,140699,132265,143704,118020,107235,119492,108537
2016-04-01,count_halftoyear,136993,129054,140415,115482,104658,116988,105988
2016-05-01,count_halftoyear,135094,127499,139000,113953,102964,115420,104264
2016-06-01,count_halftoyear,136457,129169,140636,115422,104389,116823,105622
2016-07-01,count_halftoyear,134386,127377,138702,114000,103001,115324,104169
2016-08-01,count_halftoyear,135079,128497,139895,114469,103458,115713,104560
2016-09-01,count_halftoyear,135452,129045,140276,114626,103603,115784,104642
2016-10-01,count_halftoyear,136614,130494,141606,115952,105053,116994,106003
2016-11-01,count_halftoyear,135753,129703,140741,115362,104495,116321,105382
2016-12-01,count_halftoyear,136193,130225,141411,115856,104926,116804,105807
2017-01-01,count_halftoyear,139975,133892,145136,119289,108362,120274,109278
2017-02-01,count_halftoyear,139184,132876,143895,118809,107936,119889,108926
2017-03-01,count_halftoyear,139858,133315,144601,119765,108695,120850,109684
2017-04-01,count_halftoyear,137691,130875,142216,117755,106617,118700,107485
2017-05-01,count_halftoyear,139649,132561,144191,119698,108375,120602,109203
2017-06-01,count_halftoyear,140133,132839,144220,120202,108968,121145,109842
2017-07-01,count_halftoyear,137646,130407,141545,118625,107479,119507,108280
2017-08-01,count_halftoyear,137734,130420,142047,118926,107445,119784,108218
2017-09-01,count_halftoyear,134607,127291,138541,115698,104351,116528,105108
2017-10-01,count_halftoyear,135616,128265,139767,116869,105310,117817,106162
2017-11-01,count_halftoyear,130706,123525,134671,112725,101345,113771,102286
2017-12-01,count_halftoyear,127314,120125,131433,109862,98457,110923,99425
2018-01-01,count_halftoyear,127805,120578,132257,110853,99218,111829,100119
2018-02-01,count_halftoyear,123326,116065,127433,107512,95966,108470,96848
2018-03-01,count_halftoyear,121250,113987,125535,106055,94474,107047,95386
2018-04-01,count_halftoyear,117337,110167,121412,102723,91399,103724,92307
2018-05-01,count_halftoyear,118431,111150,122863,103736,92158,104780,93105
2018-06-01,count_halftoyear,117488,110269,121789,103297,91852,104307,92773
2018-07-01,count_halftoyear,117659,110464,121716,103476,92135,104522,93081
2018-08-01,count_halftoyear,120417,113186,124925,105534,93979,106607,94931
2018-09-01,count_halftoyear,118893,111695,123166,103900,92573,104941,93482
2018-10-01,count_halftoyear,118662,111443,123017,103570,92124,104682,93084
2018-11-01,count_halftoyear,115773,108639,119773,100809,89608,101941,90587
2018-12-01,count_halftoyear,114715,107575,118606,99493,88366,100703,89405
2019-01-01,count_halftoyear,115771,108661,119774,100348,89237,101545,90271
2019-02-01,count_halftoyear,114583,107589,118332,99557,88670,100739,89700
2019-03-01,count_halftoyear,114818,107801,118698,99677,88727,100846,89767
2019-04-01,count_halftoyear,112670,105651,116396,97503,86711,98588,87679
2019-05-01,count_halftoyear,114723,107678,118806,99581,88567,100622,89491
2019-06-01,count_halftoyear,117008,109938,121121,102035,90978,103039,91874
2019-07-01,count_halftoyear,118577,111553,123020,104054,92744,105035,93613
2019-08-01,count_halftoyear,120265,113164,125054,105570,93992,106490,94802
2019-09-01,count_halftoyear,119758,112611,124654,105244,93389,106067,94139
2019-10-01,count_halftoyear,121474,114132,126603,106986,94743,107726,95434
2019-11-01,count_halftoyear,118790,111406,123781,104650,92402,105267,93001
2019-12-01,count_halftoyear,118556,111141,123765,104162,91792,104737,92349
2020-01-01,count_halftoyear,120129,112585,125250,105050,92725,105629,93270
2020-02-01,count_halftoyear,120923,113326,125859,106058,93798,106648,94342
2020-03-01,count_halftoyear,121272,113601,125963,106550,94544,107198,95111
2020-04-01,count_halftoyear,121810,114132,126288,106837,95078,,
2020-05-01,count_halftoyear,127025,119374,132060,112171,99969,,
2020-06-01,count_halftoyear,132726,125097,137995,117947,105455,,
2020-07-01,count_halftoyear,139676,132097,145420,125282,112241,,
2020-08-01,count_halftoyear,145803,138392,152349,131477,117903,,
2020-09-01,count_halftoyear,153916,146553,161422,139065,124612,,
2020-10-01,count_halftoyear,470013,461884,505673,465693,421277,,
2020-11-01,count_halftoyear,553777,545552,600689,559737,503675,,
2020-12-01,count_halftoyear,539669,531321,588649,546947,488562,,
2021-01-01,count_halftoyear,530720,522271,580051,537757,478979,,
2021-02-01,count_halftoyear,520918,512298,570338,528253,469173,,
2021-03-01,count_halftoyear,497147,488428,545607,504122,445994,,
2021-04-01,count_halftoyear,267563,259929,292404,270367,237738,,
2021-05-01,count_halftoyear,185187,177786,198572,179150,158507,,
2021-06-01,count_halftoyear,154948,147527,164006,146062,129945,,
2021-07-01,count_halftoyear,137459,130067,143993,128219,114545,,
2021-08-01,count_halftoyear,122490,115152,127542,112809,100698,,
2021-09-01,count_halftoyear,110771,103371,114454,100953,89944,,
2021-10-01,count_halftoyear,106294,98820,109559,96632,85895,,
2021-11-01,count_halftoyear,102860,95386,106136,93441,82680,,
2021-12-01,count_halftoyear,99535,92034,102841,90211,79314,,
2022-01-01,count_halftoyear,99753,92192,103390,90134,79014,,
2022-02-01,count_halftoyear,99619,91969,102749,89932,79140,,
2022-03-01,count_halftoyear,99743,92032,103016,89656,78752,,
2022-04-01,count_halftoyear,96887,89159,99725,86193,75734,,
2022-05-01,count_halftoyear,97087,89266,99661,85745,75426,,
2022-06-01,count_halftoyear,99668,91661,102218,87537,77110,,
2022-07-01,count_halftoyear,102073,94032,104622,89690,79122,,
2022-08-01,count_halftoyear,105085,97019,108010,92247,81324,,
2022-09-01,count_halftoyear,105158,97006,107950,91734,80847,,
2022-10-01,count_halftoyear,108471,100152,111682,94546,83108,,
2022-11-01,count_halftoyear,107794,99366,110856,93854,82356,,
2022-12-01,count_halftoyear,108715,100171,111775,94447,82809,,
2023-01-01,count_halftoyear,112614,103945,115802,98146,86404,,
2023-02-01,count_halftoyear,114350,105506,117380,99723,87930,,
2023-03-01,count_halftoyear,115270,106238,118411,100501,88520,,
2006-07-01,count_yeartotwoyear,178883,148026,160976,84925,74612,86017,75626
2006-08-01,count_yeartotwoyear,177871,147532,160585,84946,74638,86078,75683
2006-09-01,count_yeartotwoyear,176422,146516,159632,84543,74148,85668,75196
2006-10-01,count_yeartotwoyear,175497,145925,159057,84365,73984,85475,75026
2006-11-01,count_yeartotwoyear,174368,145006,158131,83714,73355,84801,74371
2006-12-01,count_yeartotwoyear,173331,144283,157598,83300,72902,84359,73880
2007-01-01,count_yeartotwoyear,172771,144182,157543,83545,73141,84637,74148
2007-02-01,count_yeartotwoyear,172184,143804,157251,83065,72626,84180,73649
2007-03-01,count_yeartotwoyear,170777,142514,155878,81682,71452,82758,72429
2007-04-01,count_yeartotwoyear,169222,141094,154546,80473,70294,81540,71264
2007-05-01,count_yeartotwoyear,166947,138968,152186,78913,68958,79941,69901
2007-06-01,count_yeartotwoyear,165946,137824,151062,77908,68071,78935,69004
2007-07-01,count_yeartotwoyear,165006,136954,150032,77053,67382,78078,68314
2007-08-01,count_yeartotwoyear,162225,134255,147161,76490,66947,77496,67858
2007-09-01,count_yeartotwoyear,159516,131647,144614,76123,66586,77073,67448
2007-10-01,count_yeartotwoyear,156641,128654,141451,75211,65802,76151,66659
2007-11-01,count_yeartotwoyear,154150,126269,139202,74781,65342,75740,66221
2007-12-01,count_yeartotwoyear,152250,124514,137503,75003,65454,75945,66313
2008-01-01,count_yeartotwoyear,151472,123972,136862,75889,66376,76868,67265
2008-02-01,count_yeartotwoyear,150466,122933,135864,76402,66989,77382,67883
2008-03-01,count_yeartotwoyear,147839,120416,132924,75294,66168,76263,67053
2008-04-01,count_yeartotwoyear,146009,118554,130767,75048,66053,76004,66924
2008-05-01,count_yeartotwoyear,144922,117230,129271,74631,65873,75623,66769
2008-06-01,count_yeartotwoyear,143168,115475,127332,74602,65932,75573,66788
2008-07-01,count_yeartotwoyear,141279,113613,125416,74435,65795,75407,66661
2008-08-01,count_yeartotwoyear,140742,112749,124520,73930,65341,74905,66214
2008-09-01,count_yeartotwoyear,139912,112049,123590,73537,65111,74544,66007
2008-10-01,count_yeartotwoyear,140575,111881,123272,73136,64816,74144,65707
2008-11-01,count_yeartotwoyear,140809,111919,123251,73264,64886,74270,65784
2008-12-01,count_yeartotwoyear,142195,113216,124569,74429,65969,75421,66860
2009-01-01,count_yeartotwoyear,143984,114887,126345,75947,67400,76923,68283
2009-02-01,count_yeartotwoyear,146685,117331,129286,78210,69340,79189,70229
2009-03-01,count_yeartotwoyear,148422,118676,130760,79359,70421,80342,71318
2009-04-01,count_yeartotwoyear,149957,119877,132131,80354,71277,81394,72215
2009-05-01,count_yeartotwoyear,152417,121896,134337,82285,73048,83336,74006
2009-06-01,count_yeartotwoyear,154459,123759,136302,84170,74848,85252,75838
2009-07-01,count_yeartotwoyear,158517,127374,140253,87452,77868,88554,78870
2009-08-01,count_yeartotwoyear,161549,130127,143360,90078,80229,91155,81208
2009-09-01,count_yeartotwoyear,165018,133067,146592,93095,82995,94164,83967
2009-10-01,count_yeartotwoyear,169025,137001,151064,97020,86485,98061,87427
2009-11-01,count_yeartotwoyear,173849,141081,155862,101113,90062,102175,91019
2009-12-01,count_yeartotwoyear,180528,146710,162148,106489,94782,107597,95779
2010-01-01,count_yeartotwoyear,187962,153271,169661,113098,100498,114217,101493
2010-02-01,count_yeartotwoyear,193801,158776,175725,118927,105645,120014,106622
2010-03-01,count_yeartotwoyear,200040,164078,181887,124202,110066,125268,111016
2010-04-01,count_yeartotwoyear,207757,170718,189408,130565,115593,131646,116554
2010-05-01,count_yeartotwoyear,210495,173134,192268,133370,117912,134420,118839
2010-06-01,count_yeartotwoyear,213246,175223,194747,135656,119837,136650,120709
2010-07-01,count_yeartotwoyear,215120,176646,196392,137394,121259,138298,122042
2010-08-01,count_yeartotwoyear,214454,175646,195426,136895,120582,137800,121361
2010-09-01,count_yeartotwoyear,213923,174455,194074,135754,119479,136614,120227
2010-10-01,count_yeartotwoyear,211762,172083,191465,133642,117545,134510,118308
2010-11-01,count_yeartotwoyear,208037,168490,187572,130543,114642,131411,115394
2010-12-01,count_yeartotwoyear,206497,166833,185648,128739,113170,129629,113952
2011-01-01,count_yeartotwoyear,205474,166160,184977,128339,112820,129263,113627
2011-02-01,count_yeartotwoyear,204315,165000,183787,127227,111644,128144,112446
2011-03-01,count_yeartotwoyear,201528,162452,180760,124289,109150,125186,109943
2011-04-01,count_yeartotwoyear,198078,159159,176998,120935,106344,121765,107066
2011-05-01,count_yeartotwoyear,194514,155884,173209,117928,103725,118775,104450
2011-06-01,count_yeartotwoyear,192423,153697,170580,115604,101653,116471,102416
2011-07-01,count_yeartotwoyear,189951,151385,168068,113516,99768,114405,100557
2011-08-01,count_yeartotwoyear,187463,148893,165381,111259,97653,112214,98510
2011-09-01,count_yeartotwoyear,186240,147625,164070,109878,96347,110868,97227
2011-10-01,count_yeartotwoyear,184761,146312,162711,108736,95234,109792,96160
2011-11-01,count_yeartotwoyear,183871,145465,161880,108037,94450,109067,95349
2011-12-01,count_yeartotwoyear,183392,145389,161730,108117,94589,109163,95493
2012-01-01,count_yeartotwoyear,184259,146742,163113,109746,96094,110819,97030
2012-02-01,count_yeartotwoyear,183947,147006,163601,110374,96559,111420,97467
2012-03-01,count_yeartotwoyear,182660,146014,162570,109330,95572,110355,96460
2012-04-01,count_yeartotwoyear,183210,146874,163518,110355,96421,111451,97359
2012-05-01,count_yeartotwoyear,181549,145798,162120,109624,95886,110727,96840
2012-06-01,count_yeartotwoyear,182135,146717,163190,110644,96727,111780,97706
2012-07-01,count_yeartotwoyear,182620,147697,164320,111710,97592,112896,98630
2012-08-01,count_yeartotwoyear,182125,147696,164335,111955,97847,113113,98852
2012-09-01,count_yeartotwoyear,181680,147940,164860,112730,98347,113911,99386
2012-10-01,count_yeartotwoyear,181790,148690,165846,113951,99357,115147,100397
2012-11-01,count_yeartotwoyear,182550,149849,167197,115206,100413,116421,101468
2012-12-01,count_yeartotwoyear,184242,151869,169332,117444,102457,118724,103569
2013-01-01,count_yeartotwoyear,187118,155205,172887,120935,105523,122232,106654
2013-02-01,count_yeartotwoyear,189830,158369,176553,124107,108201,125412,109329
2013-03-01,count_yeartotwoyear,191516,160556,178923,126215,110184,127511,111306
2013-04-01,count_yeartotwoyear,191759,161651,180273,127825,111522,129109,112641
2013-05-01,count_yeartotwoyear,193992,163919,182997,130033,113378,131314,114488
2013-06-01,count_yeartotwoyear,195518,165927,185251,132409,115513,133707,116643
2013-07-01,count_yeartotwoyear,196248,167058,186501,134178,117046,135427,118140
2013-08-01,count_yeartotwoyear,198221,169215,187445,134957,118938,136199,120047
2013-09-01,count_yeartotwoyear,199332,170564,187335,134926,120267,136199,121397
2013-10-01,count_yeartotwoyear,200511,171809,187303,135105,121483,136400,122630
2013-11-01,count_yeartotwoyear,202665,174144,188810,136387,123606,137761,124824
2013-12-01,count_yeartotwoyear,205089,176676,190271,137894,126017,139272,127240
2014-01-01,count_yeartotwoyear,207953,179823,192408,190584,179249,191978,180495
2014-02-01,count_yeartotwoyear,211039,182916,194693,192088,181609,193492,182865
2014-03-01,count_yeartotwoyear,211743,183695,194497,191015,181430,192500,182759
2014-04-01,count_yeartotwoyear,212333,184270,194116,190114,181395,191633,182763
2014-05-01,count_yeartotwoyear,214690,186578,195783,190611,182551,192152,183940
2014-06-01,count_yeartotwoyear,215880,187880,196454,190863,183382,192422,184767
2014-07-01,count_yeartotwoyear,217168,189234,197841,191541,184056,193124,185447
2014-08-01,count_yeartotwoyear,217032,189242,198968,192068,183598,193653,184981
2014-09-01,count_yeartotwoyear,216436,188754,199702,192458,182962,194009,184324
2014-10-01,count_yeartotwoyear,217041,189494,201732,193462,182861,194942,184159
2014-11-01,count_yeartotwoyear,216269,188894,201981,193607,182215,195005,183449
2014-12-01,count_yeartotwoyear,216741,189748,203534,195083,182987,196441,184188
2015-01-01,count_yeartotwoyear,219309,192381,207091,157805,145215,159146,146395
2015-02-01,count_yeartotwoyear,219543,193096,208228,158880,145760,160198,146917
2015-03-01,count_yeartotwoyear,218788,192513,208501,159071,145190,160363,146317
2015-04-01,count_yeartotwoyear,220200,194145,211064,161321,146609,162543,147660
2015-05-01,count_yeartotwoyear,216602,191131,208486,159999,144760,161188,145781
2015-06-01,count_yeartotwoyear,213858,188887,206514,158912,143416,160040,144386
2015-07-01,count_yeartotwoyear,214030,189398,206986,159683,144159,160836,145157
2015-08-01,count_yeartotwoyear,210472,186445,203998,157242,141746,158358,142709
2015-09-01,count_yeartotwoyear,207820,184403,201638,155324,139937,156467,140929
2015-10-01,count_yeartotwoyear,205301,182325,199348,153683,138332,154874,139370
2015-11-01,count_yeartotwoyear,203401,180877,197862,152452,137101,153680,138151
2015-12-01,count_yeartotwoyear,203550,181393,198442,152868,137447,154156,138562
2016-01-01,count_yeartotwoyear,203795,182054,199064,153815,138313,155129,139464
2016-02-01,count_yeartotwoyear,203022,181715,198859,153732,138151,155029,139272
2016-03-01,count_yeartotwoyear,200844,179938,197057,152092,136358,153410,137501
2016-04-01,count_yeartotwoyear,200757,180212,197484,152532,136597,153879,137753
2016-05-01,count_yeartotwoyear,198450,178190,195490,150695,134744,152085,135944
2016-06-01,count_yeartotwoyear,197094,177153,194456,149489,133377,150955,134655
2016-07-01,count_yeartotwoyear,196017,176516,193779,148994,132838,150484,134146
2016-08-01,count_yeartotwoyear,193599,174609,191974,147505,131157,149001,132479
2016-09-01,count_yeartotwoyear,192518,173914,191555,146852,130319,148321,131598
2016-10-01,count_yeartotwoyear,190598,172562,190261,145859,129177,147343,130476
2016-11-01,count_yeartotwoyear,188650,171198,188763,144678,127964,146111,129227
2016-12-01,count_yeartotwoyear,188310,171294,188846,144797,128005,146172,129220
2017-01-01,count_yeartotwoyear,188811,172283,189805,145805,128991,147154,130178
2017-02-01,count_yeartotwoyear,188298,172367,189901,145771,128823,147033,129940
2017-03-01,count_yeartotwoyear,187612,172074,189700,145417,128351,146636,129448
2017-04-01,count_yeartotwoyear,185980,171119,188523,144927,128009,146109,129061
2017-05-01,count_yeartotwoyear,185549,171083,188484,145059,128067,146152,129063
2017-06-01,count_yeartotwoyear,185508,171287,188748,145310,128245,146296,129131
2017-07-01,count_yeartotwoyear,185040,170852,188191,144896,127932,145828,128786
2017-08-01,count_yeartotwoyear,183996,169909,187401,144349,127125,145288,127991
2017-09-01,count_yeartotwoyear,184555,170453,188436,145465,127700,146380,128553
2017-10-01,count_yeartotwoyear,184071,169989,188262,145563,127502,146371,128266
2017-11-01,count_yeartotwoyear,184175,169915,188726,146181,127646,146909,128325
2017-12-01,count_yeartotwoyear,184991,170634,189747,147528,128635,148253,129298
2018-01-01,count_yeartotwoyear,186486,172079,191351,149828,130698,150550,131350
2018-02-01,count_yeartotwoyear,186100,171450,190856,149669,130410,150418,131098
2018-03-01,count_yeartotwoyear,184601,169786,188941,148230,129079,148971,129756
2018-04-01,count_yeartotwoyear,184674,169577,188844,148295,129094,149031,129772
2018-05-01,count_yeartotwoyear,180994,165813,184775,145147,126162,145932,126872
2018-06-01,count_yeartotwoyear,177672,162306,180983,142107,123388,142881,124104
2018-07-01,count_yeartotwoyear,175813,160457,178937,141238,122676,141962,123340
2018-08-01,count_yeartotwoyear,173433,158007,176259,139929,121479,140599,122105
2018-09-01,count_yeartotwoyear,170732,155347,173262,137828,119623,138518,120278
2018-10-01,count_yeartotwoyear,167523,152173,169946,135039,116982,135816,117701
2018-11-01,count_yeartotwoyear,165507,150143,167934,133455,115432,134332,116237
2018-12-01,count_yeartotwoyear,162990,147688,165355,131756,113937,132658,114756
2019-01-01,count_yeartotwoyear,162672,147330,164970,131674,113851,132545,114650
2019-02-01,count_yeartotwoyear,163433,148060,165759,132486,114610,133302,115361
2019-03-01,count_yeartotwoyear,161728,146399,164087,131307,113527,132104,114250
2019-04-01,count_yeartotwoyear,159555,144283,161838,129538,111833,130353,112563
2019-05-01,count_yeartotwoyear,159502,144149,161641,129416,111768,130216,112483
2019-06-01,count_yeartotwoyear,159450,144107,161482,129526,111969,130345,112687
2019-07-01,count_yeartotwoyear,159430,144157,161327,129143,111773,130010,112532
2019-08-01,count_yeartotwoyear,158511,143225,160608,128125,110594,128996,111347
2019-09-01,count_yeartotwoyear,158437,143147,160754,128260,110559,129134,111311
2019-10-01,count_yeartotwoyear,157755,142416,160266,127899,109909,128767,110650
2019-11-01,count_yeartotwoyear,157660,142302,160343,127939,109747,128816,110486
2019-12-01,count_yeartotwoyear,158902,143462,161812,129419,110913,130303,111649
2020-01-01,count_yeartotwoyear,161359,146042,164965,132322,113357,133231,114134
2020-02-01,count_yeartotwoyear,163563,148259,167254,134495,115436,135351,116169
2020-03-01,count_yeartotwoyear,165808,150381,169659,136442,117082,137237,117798
2020-04-01,count_yeartotwoyear,168317,152707,172250,138540,119010,,
2020-05-01,count_yeartotwoyear,172249,156737,176510,142595,122876,,
2020-06-01,count_yeartotwoyear,177437,161968,182141,147643,127659,,
2020-07-01,count_yeartotwoyear,182712,167237,187657,152558,132452,,
2020-08-01,count_yeartotwoyear,188781,173220,194047,158325,137902,,
2020-09-01,count_yeartotwoyear,193325,177768,198696,162996,142465,,
2020-10-01,count_yeartotwoyear,198956,183319,204529,168386,147671,,
2020-11-01,count_yeartotwoyear,203883,188249,209735,173256,152237,,
2020-12-01,count_yeartotwoyear,208299,192546,214264,177066,155860,,
2021-01-01,count_yeartotwoyear,215386,199414,221383,183544,162063,,
2021-02-01,count_yeartotwoyear,220735,204734,227187,188792,166892,,
2021-03-01,count_yeartotwoyear,225083,208904,231922,192445,170045,,
2021-04-01,count_yeartotwoyear,404623,387085,432371,377577,332135,,
2021-05-01,count_yeartotwoyear,425004,407025,458332,404204,352556,,
2021-06-01,count_yeartotwoyear,411406,393118,444993,391001,338620,,
2021-07-01,count_yeartotwoyear,397747,379293,430198,376301,324841,,
2021-08-01,count_yeartotwoyear,382341,363779,414691,361371,309857,,
2021-09-01,count_yeartotwoyear,371537,352890,404088,350786,299056,,
2021-10-01,count_yeartotwoyear,357004,338346,388979,336650,285456,,
2021-11-01,count_yeartotwoyear,339120,320505,370003,319211,269153,,
2021-12-01,count_yeartotwoyear,317880,299176,347228,298122,249611,,
2022-01-01,count_yeartotwoyear,300643,282089,328818,281629,234327,,
2022-02-01,count_yeartotwoyear,288884,270340,315530,270014,224192,,
2022-03-01,count_yeartotwoyear,269763,251234,294363,250875,207014,,
2022-04-01,count_yeartotwoyear,188122,171426,199381,168432,140371,,
2022-05-01,count_yeartotwoyear,162369,146226,168263,139438,117562,,
2022-06-01,count_yeartotwoyear,149023,133006,152714,125340,105881,,
2022-07-01,count_yeartotwoyear,142131,126119,144534,118306,100173,,
2022-08-01,count_yeartotwoyear,136884,120913,137928,112916,96090,,
2022-09-01,count_yeartotwoyear,133757,117684,133807,109509,93516,,
2022-10-01,count_yeartotwoyear,130351,114182,129734,105771,90302,,
2022-11-01,count_yeartotwoyear,129775,113458,128785,104593,89316,,
2022-12-01,count_yeartotwoyear,132119,115511,130867,105995,90639,,
2023-01-01,count_yeartotwoyear,135495,118726,134479,108783,93072,,
2023-02-01,count_yeartotwoyear,138129,121305,137111,111025,95224,,
2023-03-01,count_yeartotwoyear,138581,121730,137641,110673,94810,,
2006-07-01,count_twoplus,1054860,581815,667304,144846,127256,246239,186589
2006-08-01,count_twoplus,1051956,579008,664314,144868,126813,244560,184934
2006-09-01,count_twoplus,1049403,576464,661760,144988,126540,243038,183420
2006-10-01,count_twoplus,1046468,573791,658916,144915,126010,241279,181750
2006-11-01,count_twoplus,1042360,570151,655236,144530,125227,239173,179693
2006-12-01,count_twoplus,1040497,568188,652990,144605,125085,237675,178427
2007-01-01,count_twoplus,1039695,567767,652335,145817,125914,237300,178183
2007-02-01,count_twoplus,1037642,565995,650422,145722,125487,235568,176667
2007-03-01,count_twoplus,1034174,562319,646168,144447,124067,232763,174213
2007-04-01,count_twoplus,1030517,558556,641973,143687,123147,230353,172193
2007-05-01,count_twoplus,1026245,554492,637339,143060,122395,228191,170432
2007-06-01,count_twoplus,1021685,549787,632232,142225,121418,225729,168355
2007-07-01,count_twoplus,1018282,546280,628283,141795,120838,223841,166795
2007-08-01,count_twoplus,1012760,540694,623272,140945,119795,222374,164717
2007-09-01,count_twoplus,1008089,535506,618673,140441,119008,221319,162982
2007-10-01,count_twoplus,1003133,529125,612696,139086,117539,219361,160570
2007-11-01,count_twoplus,997497,523281,607423,138325,116483,218092,158682
2007-12-01,count_twoplus,994101,519736,604535,138123,116038,217509,157471
2008-01-01,count_twoplus,991697,517599,602999,138786,116370,217777,157056
2008-02-01,count_twoplus,988826,514588,599739,138376,115783,216028,155589
2008-03-01,count_twoplus,985041,510286,594860,137128,114527,213462,153545
2008-04-01,count_twoplus,982202,506967,591256,136450,113690,211460,151934
2008-05-01,count_twoplus,976867,501500,585067,134707,112001,208339,149435
2008-06-01,count_twoplus,974306,498388,581563,134240,111499,206646,148223
2008-07-01,count_twoplus,971633,495172,577540,133441,110767,204560,146781
2008-08-01,count_twoplus,967127,490548,572390,132880,110220,202804,145474
2008-09-01,count_twoplus,964312,487139,568662,132929,110121,201646,144645
2008-10-01,count_twoplus,960239,482751,563627,132317,109499,199770,143345
2008-11-01,count_twoplus,957668,479195,559469,131690,109007,197900,142175
2008-12-01,count_twoplus,956777,476957,556559,131458,108876,196393,141345
2009-01-01,count_twoplus,955126,474888,553700,131699,109293,195517,141126
2009-02-01,count_twoplus,954731,473915,552455,132632,110206,195340,141398
2009-03-01,count_twoplus,953765,472088,549825,132499,110255,194172,140894
2009-04-01,count_twoplus,952066,469418,546578,132339,110188,192912,140219
2009-05-01,count_twoplus,950607,467105,543628,132332,110340,191891,139823
2009-06-01,count_twoplus,950408,465745,541827,133008,111050,191485,139929
2009-07-01,count_twoplus,948672,463342,538776,133385,111568,190838,139905
2009-08-01,count_twoplus,947810,461972,537803,134122,112104,191222,139911
2009-09-01,count_twoplus,947366,460647,536843,134994,112834,191728,140090
2009-10-01,count_twoplus,946813,458823,535124,135393,113141,191682,139878
2009-11-01,count_twoplus,946676,457780,534609,136669,114076,192616,140292
2009-12-01,count_twoplus,947530,457450,534672,138080,115225,193681,140912
2010-01-01,count_twoplus,948218,457641,535117,139847,116832,195145,142052
2010-02-01,count_twoplus,950321,458901,536511,142074,118831,196461,143544
2010-03-01,count_twoplus,950997,458517,535693,143150,119884,196646,144130
2010-04-01,count_twoplus,950761,457350,534173,143889,120582,196410,144291
2010-05-01,count_twoplus,951358,456966,533416,145466,122092,197064,145351
2010-06-01,count_twoplus,952110,456651,532699,146957,123585,197622,146384
2010-07-01,count_twoplus,953657,456994,532576,148911,125410,198594,147803
2010-08-01,count_twoplus,954671,456878,532193,150616,126919,199355,148903
2010-09-01,count_twoplus,955407,456152,531035,151754,128033,199509,149544
2010-10-01,count_twoplus,956829,456007,530544,153385,129537,200221,150616
2010-11-01,count_twoplus,959344,456794,531182,155711,131629,201573,152300
2010-12-01,count_twoplus,963150,458403,532628,158405,134017,203449,154290
2011-01-01,count_twoplus,967553,461241,535377,162165,137338,206353,157222
2011-02-01,count_twoplus,972284,464671,539025,166027,140751,209381,160228
2011-03-01,count_twoplus,976729,467088,541484,169046,143342,211624,162437
2011-04-01,count_twoplus,981127,469232,543670,172042,145840,213762,164579
2011-05-01,count_twoplus,983716,470448,544823,174332,147839,215294,166235
2011-06-01,count_twoplus,985144,470216,544440,175650,148944,215764,166964
2011-07-01,count_twoplus,987235,470966,545012,177499,150491,216838,168149
2011-08-01,count_twoplus,987756,470435,545041,178425,150973,217542,168259
2011-09-01,count_twoplus,988037,469331,544307,179016,151259,217898,168191
2011-10-01,count_twoplus,988180,468449,543807,179686,151633,218363,168253
2011-11-01,count_twoplus,988158,467476,543312,180049,151735,218554,168050
2011-12-01,count_twoplus,990034,467793,544027,181302,152714,219611,168755
2012-01-01,count_twoplus,992504,469377,546250,183670,154596,221819,170345
2012-02-01,count_twoplus,994375,470743,547667,185335,155946,222826,171411
2012-03-01,count_twoplus,995315,470780,547317,185715,156292,222559,171471
2012-04-01,count_twoplus,997489,471901,548432,187252,157639,223473,172498
2012-05-01,count_twoplus,997354,471185,547403,187566,157905,223176,172460
2012-06-01,count_twoplus,998064,470975,546939,188045,158299,223034,172559
2012-07-01,count_twoplus,999206,471554,547290,189424,159560,223810,173548
2012-08-01,count_twoplus,998601,470654,546077,189736,159711,223544,173483
2012-09-01,count_twoplus,999328,470629,545883,190555,160387,223808,173915
2012-10-01,count_twoplus,1000117,470856,546015,191725,161367,224443,174651
2012-11-01,count_twoplus,999611,469748,544717,191978,161500,224096,174485
2012-12-01,count_twoplus,1000486,469887,544747,193673,163016,225269,175724
2013-01-01,count_twoplus,999969,468991,543890,196354,165394,227498,177885
2013-02-01,count_twoplus,1000082,468816,543917,198331,166990,228901,179198
2013-03-01,count_twoplus,1000853,468909,543869,199662,168119,229718,180106
2013-04-01,count_twoplus,1001801,469376,544526,202351,170455,231957,182220
2013-05-01,count_twoplus,999373,466717,541358,202842,170976,231957,182516
2013-06-01,count_twoplus,1000814,467591,542186,204723,172624,233359,183957
2013-07-01,count_twoplus,1002441,468746,543394,206943,174528,235141,185681
2013-08-01,count_twoplus,1002296,468617,543835,208583,175698,236677,186626
2013-09-01,count_twoplus,1003988,470096,546114,211238,177677,239257,188433
2013-10-01,count_twoplus,1005068,471057,547874,213592,179380,241481,189930
2013-11-01,count_twoplus,1006481,472430,550010,216081,181224,243881,191594
2013-12-01,count_twoplus,1009982,475541,553843,219781,184281,247517,194508
2014-01-01,count_twoplus,1013527,479262,558260,224004,187783,251643,197842
2014-02-01,count_twoplus,1016589,482605,562064,227605,190858,254846,200755
2014-03-01,count_twoplus,1019701,485597,565374,230855,193668,257738,203371
2014-04-01,count_twoplus,1021660,487726,567873,233786,196043,260233,205528
2014-05-01,count_twoplus,1023730,490050,570328,236728,198579,262769,207864
2014-06-01,count_twoplus,1026831,493271,573915,240465,201806,266107,210904
2014-07-01,count_twoplus,1028609,495287,576028,243379,204235,268619,213187
2014-08-01,count_twoplus,1030109,497297,577343,245430,206602,270284,215409
2014-09-01,count_twoplus,1032709,500069,579288,247773,209424,272321,218110
2014-10-01,count_twoplus,1033758,501421,579628,249178,211359,273330,219912
2014-11-01,count_twoplus,1036495,504305,581994,251788,214248,275618,222699
2014-12-01,count_twoplus,1040492,508079,585145,255088,217824,278575,226132
2015-01-01,count_twoplus,1044185,512278,588601,299217,261861,322407,270082
2015-02-01,count_twoplus,1048729,517168,593599,303218,265706,326045,273764
2015-03-01,count_twoplus,1051874,520348,596350,305429,268153,327972,276081
2015-04-01,count_twoplus,1054248,522888,598372,307460,270352,329624,278147
2015-05-01,count_twoplus,1056936,525814,601012,309716,272614,331529,280268
2015-06-01,count_twoplus,1059518,528772,603804,312385,275220,333891,282725
2015-07-01,count_twoplus,1061361,531163,606314,314999,277453,336231,284828
2015-08-01,count_twoplus,1061739,532399,607972,316900,278695,337889,286020
2015-09-01,count_twoplus,1062224,533514,609688,318771,279793,339455,287042
2015-10-01,count_twoplus,1063213,535353,611930,320958,281330,341276,288456
2015-11-01,count_twoplus,1064295,537193,614198,323288,283103,343307,290159
2015-12-01,count_twoplus,1065619,539146,616387,325817,285022,345538,292002
2016-01-01,count_twoplus,1068779,543221,620678,330266,288878,349742,295810
2016-02-01,count_twoplus,1070364,545924,623898,333204,291103,352400,297960
2016-03-01,count_twoplus,1070775,547034,625426,334971,292241,353886,299016
2016-04-01,count_twoplus,1072310,549606,628341,337875,294558,356476,301210
2016-05-01,count_twoplus,1070467,548971,628032,338493,294547,356833,301100
2016-06-01,count_twoplus,1068584,548278,627451,338963,294670,357023,301106
2016-07-01,count_twoplus,1067798,548631,627885,340009,295319,357851,301676
2016-08-01,count_twoplus,1065885,548224,627864,340676,295353,358284,301643
2016-09-01,count_twoplus,1063383,547029,626681,340544,294874,357923,301115
2016-10-01,count_twoplus,1062052,546893,626699,341341,295189,358453,301340
2016-11-01,count_twoplus,1060992,547053,627107,342189,295622,359105,301727
2016-12-01,count_twoplus,1060519,547509,627799,343259,296162,359988,302222
2017-01-01,count_twoplus,1061715,550009,630618,346336,298522,362859,304564
2017-02-01,count_twoplus,1061612,551220,632306,347926,299553,364257,305535
2017-03-01,count_twoplus,1061048,551527,632874,348596,299646,364719,305573
2017-04-01,count_twoplus,1059695,551724,633378,349310,299747,365171,305595
2017-05-01,count_twoplus,1058983,552172,634035,350497,300436,366167,306232
2017-06-01,count_twoplus,1056448,550969,632929,350376,299895,365884,305677
2017-07-01,count_twoplus,1054716,550393,632527,351047,300034,366364,305772
2017-08-01,count_twoplus,1051334,548690,632142,351605,299127,366848,304805
2017-09-01,count_twoplus,1048743,547514,632400,352340,298387,367542,304004
2017-10-01,count_twoplus,1046452,546722,633028,353540,298012,368706,303594
2017-11-01,count_twoplus,1043438,545226,632823,353960,296998,369061,302515
2017-12-01,count_twoplus,1042461,545434,634381,355732,297210,370761,302659
2018-01-01,count_twoplus,1042899,547262,637615,359339,299174,374328,304548
2018-02-01,count_twoplus,1040630,546840,637672,359843,299041,374635,304323
2018-03-01,count_twoplus,1039311,546611,637607,360371,299049,374895,304260
2018-04-01,count_twoplus,1037945,546785,637862,361739,299994,376029,305101
2018-05-01,count_twoplus,1034169,544334,635309,360781,298816,374820,303810
2018-06-01,count_twoplus,1031468,542864,633984,360602,298193,374405,303091
2018-07-01,count_twoplus,1030477,542779,633882,361994,299263,375620,304094
2018-08-01,count_twoplus,1027561,541256,632367,362279,299208,375725,303979
2018-09-01,count_twoplus,1024704,539789,631296,362905,299128,376109,303826
2018-10-01,count_twoplus,1020419,536942,628406,362214,298096,375095,302651
2018-11-01,count_twoplus,1016460,534220,625792,361616,297114,374247,301552
2018-12-01,count_twoplus,1014165,532860,624354,361859,297014,374300,301395
2019-01-01,count_twoplus,1013106,532886,624295,363211,297994,375444,302296
2019-02-01,count_twoplus,1012362,533385,625199,365028,299217,377043,303413
2019-03-01,count_twoplus,1010056,531915,623566,364719,298662,376549,302776
2019-04-01,count_twoplus,1007289,529996,621650,364444,298091,376035,302078
2019-05-01,count_twoplus,1003688,527453,618885,363715,297231,375116,301132
2019-06-01,count_twoplus,1001121,525865,617371,363861,297054,375089,300888
2019-07-01,count_twoplus,998230,523779,615212,363541,296509,374541,300232
2019-08-01,count_twoplus,993610,520208,612706,363288,294923,374203,298592
2019-09-01,count_twoplus,990633,518128,611836,364134,294392,375011,298024
2019-10-01,count_twoplus,987473,515857,610708,364658,293607,375463,297165
2019-11-01,count_twoplus,984357,513599,609810,365222,292688,375913,296187
2019-12-01,count_twoplus,983039,512942,610337,366906,293026,377492,296453
2020-01-01,count_twoplus,982614,513301,611726,369465,294240,379947,297586
2020-02-01,count_twoplus,983153,514966,613920,372098,296184,382332,299443
2020-03-01,count_twoplus,983262,515801,614729,373642,297396,383617,300589
2020-04-01,count_twoplus,982895,516309,611853,375111,298605,,
2020-05-01,count_twoplus,986136,520885,616913,379683,302444,,
2020-06-01,count_twoplus,990157,526142,622763,384763,306750,,
2020-07-01,count_twoplus,993303,530308,627229,388949,310409,,
2020-08-01,count_twoplus,996728,535016,632499,393652,314301,,
2020-09-01,count_twoplus,1001789,541010,639146,399308,319178,,
2020-10-01,count_twoplus,1005561,545735,644044,403825,323273,,
2020-11-01,count_twoplus,1010086,551048,649787,408820,327727,,
2020-12-01,count_twoplus,1013743,555226,654257,413085,331516,,
2021-01-01,count_twoplus,1018191,560618,659932,418648,336580,,
2021-02-01,count_twoplus,1022876,566164,666006,424079,341369,,
2021-03-01,count_twoplus,1025766,569438,669588,427473,344241,,
2021-04-01,count_twoplus,1028107,572257,672550,430491,346922,,
2021-05-01,count_twoplus,1023356,568253,668094,428659,345276,,
2021-06-01,count_twoplus,1022684,567977,667756,428762,345301,,
2021-07-01,count_twoplus,1022883,568608,668164,429758,346344,,
2021-08-01,count_twoplus,1021684,568118,669017,431612,346777,,
2021-09-01,count_twoplus,1021146,568236,670499,433848,347576,,
2021-10-01,count_twoplus,1021220,568929,672741,436437,348565,,
2021-11-01,count_twoplus,1021030,569346,674784,438923,349389,,
2021-12-01,count_twoplus,1019451,568039,674756,439447,348546,,
2022-01-01,count_twoplus,1019190,568330,676201,441668,349402,,
2022-02-01,count_twoplus,1020084,570141,678531,443978,351191,,
2022-03-01,count_twoplus,1017784,568144,676444,442053,349265,,
2022-04-01,count_twoplus,1080908,630032,751745,507388,400434,,
2022-05-01,count_twoplus,1089214,638472,764189,520121,408845,,
2022-06-01,count_twoplus,1081896,631572,757776,514817,402879,,
2022-07-01,count_twoplus,1076429,626490,752171,510376,398804,,
2022-08-01,count_twoplus,1072028,622640,747956,507318,396062,,
2022-09-01,count_twoplus,1066098,617270,741793,502521,392008,,
2022-10-01,count_twoplus,1056501,608048,731399,493686,384310,,
2022-11-01,count_twoplus,1046419,598215,720167,484303,376263,,
2022-12-01,count_twoplus,1037059,589038,709598,475372,368752,,
2023-01-01,count_twoplus,1031262,583976,703247,470754,365167,,
2023-02-01,count_twoplus,1025350,579109,697703,466274,361315,,
2023-03-01,count_twoplus,1016605,570882,688127,458242,354462,,
