driver,year,index,abs_series_id,growth,source,source_url,downloaded
public_admin_wpi,1998,65.6,A2705258A,,"ABS Wage Price Index, Australia, catalogue 6345.0 table 5a",https://www.abs.gov.au/statistics/economy/price-indexes-and-inflation/wage-price-index-australia/latest-release,2026-08-25 21:04:26 AEST
public_admin_wpi,1999,68.2,A2705258A,0.0396341463414636,"ABS Wage Price Index, Australia, catalogue 6345.0 table 5a",https://www.abs.gov.au/statistics/economy/price-indexes-and-inflation/wage-price-index-australia/latest-release,2026-08-25 21:04:26 AEST
public_admin_wpi,2000,70.4,A2705258A,0.032258064516129,"ABS Wage Price Index, Australia, catalogue 6345.0 table 5a",https://www.abs.gov.au/statistics/economy/price-indexes-and-inflation/wage-price-index-australia/latest-release,2026-08-25 21:04:26 AEST
public_admin_wpi,2001,72.6,A2705258A,0.0312499999999998,"ABS Wage Price Index, Australia, catalogue 6345.0 table 5a",https://www.abs.gov.au/statistics/economy/price-indexes-and-inflation/wage-price-index-australia/latest-release,2026-08-25 21:04:26 AEST
public_admin_wpi,2002,74.9,A2705258A,0.03168044077135,"ABS Wage Price Index, Australia, catalogue 6345.0 table 5a",https://www.abs.gov.au/statistics/economy/price-indexes-and-inflation/wage-price-index-australia/latest-release,2026-08-25 21:04:26 AEST
public_admin_wpi,2003,77.6,A2705258A,0.036048064085447,"ABS Wage Price Index, Australia, catalogue 6345.0 table 5a",https://www.abs.gov.au/statistics/economy/price-indexes-and-inflation/wage-price-index-australia/latest-release,2026-08-25 21:04:26 AEST
public_admin_wpi,2004,81.1,A2705258A,0.0451030927835052,"ABS Wage Price Index, Australia, catalogue 6345.0 table 5a",https://www.abs.gov.au/statistics/economy/price-indexes-and-inflation/wage-price-index-australia/latest-release,2026-08-25 21:04:26 AEST
public_admin_wpi,2005,84.6,A2705258A,0.0431565967940815,"ABS Wage Price Index, Australia, catalogue 6345.0 table 5a",https://www.abs.gov.au/statistics/economy/price-indexes-and-inflation/wage-price-index-australia/latest-release,2026-08-25 21:04:26 AEST
public_admin_wpi,2006,88.4,A2705258A,0.0449172576832153,"ABS Wage Price Index, Australia, catalogue 6345.0 table 5a",https://www.abs.gov.au/statistics/economy/price-indexes-and-inflation/wage-price-index-australia/latest-release,2026-08-25 21:04:26 AEST
public_admin_wpi,2007,92,A2705258A,0.0407239819004523,"ABS Wage Price Index, Australia, catalogue 6345.0 table 5a",https://www.abs.gov.au/statistics/economy/price-indexes-and-inflation/wage-price-index-australia/latest-release,2026-08-25 21:04:26 AEST
public_admin_wpi,2008,95.9,A2705258A,0.0423913043478261,"ABS Wage Price Index, Australia, catalogue 6345.0 table 5a",https://www.abs.gov.au/statistics/economy/price-indexes-and-inflation/wage-price-index-australia/latest-release,2026-08-25 21:04:26 AEST
public_admin_wpi,2009,100,A2705258A,0.0427528675703857,"ABS Wage Price Index, Australia, catalogue 6345.0 table 5a",https://www.abs.gov.au/statistics/economy/price-indexes-and-inflation/wage-price-index-australia/latest-release,2026-08-25 21:04:26 AEST
public_admin_wpi,2010,104.1,A2705258A,0.0409999999999999,"ABS Wage Price Index, Australia, catalogue 6345.0 table 5a",https://www.abs.gov.au/statistics/economy/price-indexes-and-inflation/wage-price-index-australia/latest-release,2026-08-25 21:04:26 AEST
public_admin_wpi,2011,108,A2705258A,0.037463976945245,"ABS Wage Price Index, Australia, catalogue 6345.0 table 5a",https://www.abs.gov.au/statistics/economy/price-indexes-and-inflation/wage-price-index-australia/latest-release,2026-08-25 21:04:26 AEST
public_admin_wpi,2012,111.3,A2705258A,0.0305555555555554,"ABS Wage Price Index, Australia, catalogue 6345.0 table 5a",https://www.abs.gov.au/statistics/economy/price-indexes-and-inflation/wage-price-index-australia/latest-release,2026-08-25 21:04:26 AEST
public_admin_wpi,2013,115.1,A2705258A,0.0341419586702605,"ABS Wage Price Index, Australia, catalogue 6345.0 table 5a",https://www.abs.gov.au/statistics/economy/price-indexes-and-inflation/wage-price-index-australia/latest-release,2026-08-25 21:04:26 AEST
public_admin_wpi,2014,118.5,A2705258A,0.0295395308427455,"ABS Wage Price Index, Australia, catalogue 6345.0 table 5a",https://www.abs.gov.au/statistics/economy/price-indexes-and-inflation/wage-price-index-australia/latest-release,2026-08-25 21:04:26 AEST
public_admin_wpi,2015,121,A2705258A,0.0210970464135021,"ABS Wage Price Index, Australia, catalogue 6345.0 table 5a",https://www.abs.gov.au/statistics/economy/price-indexes-and-inflation/wage-price-index-australia/latest-release,2026-08-25 21:04:26 AEST
public_admin_wpi,2016,123.7,A2705258A,0.0223140495867769,"ABS Wage Price Index, Australia, catalogue 6345.0 table 5a",https://www.abs.gov.au/statistics/economy/price-indexes-and-inflation/wage-price-index-australia/latest-release,2026-08-25 21:04:26 AEST
public_admin_wpi,2017,126.4,A2705258A,0.0218270008084074,"ABS Wage Price Index, Australia, catalogue 6345.0 table 5a",https://www.abs.gov.au/statistics/economy/price-indexes-and-inflation/wage-price-index-australia/latest-release,2026-08-25 21:04:26 AEST
public_admin_wpi,2018,129.2,A2705258A,0.0221518987341771,"ABS Wage Price Index, Australia, catalogue 6345.0 table 5a",https://www.abs.gov.au/statistics/economy/price-indexes-and-inflation/wage-price-index-australia/latest-release,2026-08-25 21:04:26 AEST
public_admin_wpi,2019,132.5,A2705258A,0.0255417956656348,"ABS Wage Price Index, Australia, catalogue 6345.0 table 5a",https://www.abs.gov.au/statistics/economy/price-indexes-and-inflation/wage-price-index-australia/latest-release,2026-08-25 21:04:26 AEST
public_admin_wpi,2020,135.3,A2705258A,0.0211320754716982,"ABS Wage Price Index, Australia, catalogue 6345.0 table 5a",https://www.abs.gov.au/statistics/economy/price-indexes-and-inflation/wage-price-index-australia/latest-release,2026-08-25 21:04:26 AEST
public_admin_wpi,2021,137.2,A2705258A,0.0140428677014042,"ABS Wage Price Index, Australia, catalogue 6345.0 table 5a",https://www.abs.gov.au/statistics/economy/price-indexes-and-inflation/wage-price-index-australia/latest-release,2026-08-25 21:04:26 AEST
public_admin_wpi,2022,140.4,A2705258A,0.02332361516035,"ABS Wage Price Index, Australia, catalogue 6345.0 table 5a",https://www.abs.gov.au/statistics/economy/price-indexes-and-inflation/wage-price-index-australia/latest-release,2026-08-25 21:04:26 AEST
public_admin_wpi,2023,144,A2705258A,0.0256410256410256,"ABS Wage Price Index, Australia, catalogue 6345.0 table 5a",https://www.abs.gov.au/statistics/economy/price-indexes-and-inflation/wage-price-index-australia/latest-release,2026-08-25 21:04:26 AEST
public_admin_wpi,2024,148.9,A2705258A,0.0340277777777778,"ABS Wage Price Index, Australia, catalogue 6345.0 table 5a",https://www.abs.gov.au/statistics/economy/price-indexes-and-inflation/wage-price-index-australia/latest-release,2026-08-25 21:04:26 AEST
public_admin_wpi,2025,154,A2705258A,0.0342511752854264,"ABS Wage Price Index, Australia, catalogue 6345.0 table 5a",https://www.abs.gov.au/statistics/economy/price-indexes-and-inflation/wage-price-index-australia/latest-release,2026-08-25 21:04:26 AEST
public_admin_wpi,2026,160.2,A2705258A,0.0402597402597402,"ABS Wage Price Index, Australia, catalogue 6345.0 table 5a",https://www.abs.gov.au/statistics/economy/price-indexes-and-inflation/wage-price-index-australia/latest-release,2026-08-25 21:04:26 AEST
public_all_wpi,1998,65.5,A2705270T,,"ABS Wage Price Index, Australia, catalogue 6345.0 table 5a",https://www.abs.gov.au/statistics/economy/price-indexes-and-inflation/wage-price-index-australia/latest-release,2026-08-25 21:04:26 AEST
public_all_wpi,1999,68.1,A2705270T,0.0396946564885496,"ABS Wage Price Index, Australia, catalogue 6345.0 table 5a",https://www.abs.gov.au/statistics/economy/price-indexes-and-inflation/wage-price-index-australia/latest-release,2026-08-25 21:04:26 AEST
public_all_wpi,2000,70.1,A2705270T,0.0293685756240822,"ABS Wage Price Index, Australia, catalogue 6345.0 table 5a",https://www.abs.gov.au/statistics/economy/price-indexes-and-inflation/wage-price-index-australia/latest-release,2026-08-25 21:04:26 AEST
public_all_wpi,2001,72.5,A2705270T,0.0342368045649073,"ABS Wage Price Index, Australia, catalogue 6345.0 table 5a",https://www.abs.gov.au/statistics/economy/price-indexes-and-inflation/wage-price-index-australia/latest-release,2026-08-25 21:04:26 AEST
public_all_wpi,2002,75,A2705270T,0.0344827586206897,"ABS Wage Price Index, Australia, catalogue 6345.0 table 5a",https://www.abs.gov.au/statistics/economy/price-indexes-and-inflation/wage-price-index-australia/latest-release,2026-08-25 21:04:26 AEST
public_all_wpi,2003,77.8,A2705270T,0.0373333333333332,"ABS Wage Price Index, Australia, catalogue 6345.0 table 5a",https://www.abs.gov.au/statistics/economy/price-indexes-and-inflation/wage-price-index-australia/latest-release,2026-08-25 21:04:26 AEST
public_all_wpi,2004,81.2,A2705270T,0.0437017994858613,"ABS Wage Price Index, Australia, catalogue 6345.0 table 5a",https://www.abs.gov.au/statistics/economy/price-indexes-and-inflation/wage-price-index-australia/latest-release,2026-08-25 21:04:26 AEST
public_all_wpi,2005,84.7,A2705270T,0.0431034482758621,"ABS Wage Price Index, Australia, catalogue 6345.0 table 5a",https://www.abs.gov.au/statistics/economy/price-indexes-and-inflation/wage-price-index-australia/latest-release,2026-08-25 21:04:26 AEST
public_all_wpi,2006,88.5,A2705270T,0.0448642266824084,"ABS Wage Price Index, Australia, catalogue 6345.0 table 5a",https://www.abs.gov.au/statistics/economy/price-indexes-and-inflation/wage-price-index-australia/latest-release,2026-08-25 21:04:26 AEST
public_all_wpi,2007,92.3,A2705270T,0.0429378531073446,"ABS Wage Price Index, Australia, catalogue 6345.0 table 5a",https://www.abs.gov.au/statistics/economy/price-indexes-and-inflation/wage-price-index-australia/latest-release,2026-08-25 21:04:26 AEST
public_all_wpi,2008,96,A2705270T,0.0400866738894907,"ABS Wage Price Index, Australia, catalogue 6345.0 table 5a",https://www.abs.gov.au/statistics/economy/price-indexes-and-inflation/wage-price-index-australia/latest-release,2026-08-25 21:04:26 AEST
public_all_wpi,2009,100,A2705270T,0.0416666666666667,"ABS Wage Price Index, Australia, catalogue 6345.0 table 5a",https://www.abs.gov.au/statistics/economy/price-indexes-and-inflation/wage-price-index-australia/latest-release,2026-08-25 21:04:26 AEST
public_all_wpi,2010,104.3,A2705270T,0.0429999999999999,"ABS Wage Price Index, Australia, catalogue 6345.0 table 5a",https://www.abs.gov.au/statistics/economy/price-indexes-and-inflation/wage-price-index-australia/latest-release,2026-08-25 21:04:26 AEST
public_all_wpi,2011,108.2,A2705270T,0.0373921380632791,"ABS Wage Price Index, Australia, catalogue 6345.0 table 5a",https://www.abs.gov.au/statistics/economy/price-indexes-and-inflation/wage-price-index-australia/latest-release,2026-08-25 21:04:26 AEST
public_all_wpi,2012,111.7,A2705270T,0.0323475046210722,"ABS Wage Price Index, Australia, catalogue 6345.0 table 5a",https://www.abs.gov.au/statistics/economy/price-indexes-and-inflation/wage-price-index-australia/latest-release,2026-08-25 21:04:26 AEST
public_all_wpi,2013,115.2,A2705270T,0.0313339301700986,"ABS Wage Price Index, Australia, catalogue 6345.0 table 5a",https://www.abs.gov.au/statistics/economy/price-indexes-and-inflation/wage-price-index-australia/latest-release,2026-08-25 21:04:26 AEST
public_all_wpi,2014,118.5,A2705270T,0.0286458333333333,"ABS Wage Price Index, Australia, catalogue 6345.0 table 5a",https://www.abs.gov.au/statistics/economy/price-indexes-and-inflation/wage-price-index-australia/latest-release,2026-08-25 21:04:26 AEST
public_all_wpi,2015,121.6,A2705270T,0.0261603375527426,"ABS Wage Price Index, Australia, catalogue 6345.0 table 5a",https://www.abs.gov.au/statistics/economy/price-indexes-and-inflation/wage-price-index-australia/latest-release,2026-08-25 21:04:26 AEST
public_all_wpi,2016,124.6,A2705270T,0.024671052631579,"ABS Wage Price Index, Australia, catalogue 6345.0 table 5a",https://www.abs.gov.au/statistics/economy/price-indexes-and-inflation/wage-price-index-australia/latest-release,2026-08-25 21:04:26 AEST
public_all_wpi,2017,127.6,A2705270T,0.0240770465489566,"ABS Wage Price Index, Australia, catalogue 6345.0 table 5a",https://www.abs.gov.au/statistics/economy/price-indexes-and-inflation/wage-price-index-australia/latest-release,2026-08-25 21:04:26 AEST
public_all_wpi,2018,130.6,A2705270T,0.0235109717868338,"ABS Wage Price Index, Australia, catalogue 6345.0 table 5a",https://www.abs.gov.au/statistics/economy/price-indexes-and-inflation/wage-price-index-australia/latest-release,2026-08-25 21:04:26 AEST
public_all_wpi,2019,133.9,A2705270T,0.0252679938744258,"ABS Wage Price Index, Australia, catalogue 6345.0 table 5a",https://www.abs.gov.au/statistics/economy/price-indexes-and-inflation/wage-price-index-australia/latest-release,2026-08-25 21:04:26 AEST
public_all_wpi,2020,137,A2705270T,0.0231516056758774,"ABS Wage Price Index, Australia, catalogue 6345.0 table 5a",https://www.abs.gov.au/statistics/economy/price-indexes-and-inflation/wage-price-index-australia/latest-release,2026-08-25 21:04:26 AEST
public_all_wpi,2021,139.1,A2705270T,0.0153284671532847,"ABS Wage Price Index, Australia, catalogue 6345.0 table 5a",https://www.abs.gov.au/statistics/economy/price-indexes-and-inflation/wage-price-index-australia/latest-release,2026-08-25 21:04:26 AEST
public_all_wpi,2022,142,A2705270T,0.0208483105679367,"ABS Wage Price Index, Australia, catalogue 6345.0 table 5a",https://www.abs.gov.au/statistics/economy/price-indexes-and-inflation/wage-price-index-australia/latest-release,2026-08-25 21:04:26 AEST
public_all_wpi,2023,145.9,A2705270T,0.0274647887323944,"ABS Wage Price Index, Australia, catalogue 6345.0 table 5a",https://www.abs.gov.au/statistics/economy/price-indexes-and-inflation/wage-price-index-australia/latest-release,2026-08-25 21:04:26 AEST
public_all_wpi,2024,151.5,A2705270T,0.0383824537354351,"ABS Wage Price Index, Australia, catalogue 6345.0 table 5a",https://www.abs.gov.au/statistics/economy/price-indexes-and-inflation/wage-price-index-australia/latest-release,2026-08-25 21:04:26 AEST
public_all_wpi,2025,156.8,A2705270T,0.0349834983498352,"ABS Wage Price Index, Australia, catalogue 6345.0 table 5a",https://www.abs.gov.au/statistics/economy/price-indexes-and-inflation/wage-price-index-australia/latest-release,2026-08-25 21:04:26 AEST
public_all_wpi,2026,162.4,A2705270T,0.0357142857142856,"ABS Wage Price Index, Australia, catalogue 6345.0 table 5a",https://www.abs.gov.au/statistics/economy/price-indexes-and-inflation/wage-price-index-australia/latest-release,2026-08-25 21:04:26 AEST
public_education_wpi,1998,64.4,A2705238T,,"ABS Wage Price Index, Australia, catalogue 6345.0 table 5a",https://www.abs.gov.au/statistics/economy/price-indexes-and-inflation/wage-price-index-australia/latest-release,2026-08-25 21:04:26 AEST
public_education_wpi,1999,67,A2705238T,0.0403726708074532,"ABS Wage Price Index, Australia, catalogue 6345.0 table 5a",https://www.abs.gov.au/statistics/economy/price-indexes-and-inflation/wage-price-index-australia/latest-release,2026-08-25 21:04:26 AEST
public_education_wpi,2000,68.7,A2705238T,0.0253731343283583,"ABS Wage Price Index, Australia, catalogue 6345.0 table 5a",https://www.abs.gov.au/statistics/economy/price-indexes-and-inflation/wage-price-index-australia/latest-release,2026-08-25 21:04:26 AEST
public_education_wpi,2001,71.2,A2705238T,0.0363901018922852,"ABS Wage Price Index, Australia, catalogue 6345.0 table 5a",https://www.abs.gov.au/statistics/economy/price-indexes-and-inflation/wage-price-index-australia/latest-release,2026-08-25 21:04:26 AEST
public_education_wpi,2002,74.2,A2705238T,0.0421348314606742,"ABS Wage Price Index, Australia, catalogue 6345.0 table 5a",https://www.abs.gov.au/statistics/economy/price-indexes-and-inflation/wage-price-index-australia/latest-release,2026-08-25 21:04:26 AEST
public_education_wpi,2003,77.6,A2705238T,0.0458221024258758,"ABS Wage Price Index, Australia, catalogue 6345.0 table 5a",https://www.abs.gov.au/statistics/economy/price-indexes-and-inflation/wage-price-index-australia/latest-release,2026-08-25 21:04:26 AEST
public_education_wpi,2004,80.4,A2705238T,0.0360824742268042,"ABS Wage Price Index, Australia, catalogue 6345.0 table 5a",https://www.abs.gov.au/statistics/economy/price-indexes-and-inflation/wage-price-index-australia/latest-release,2026-08-25 21:04:26 AEST
public_education_wpi,2005,84.9,A2705238T,0.0559701492537315,"ABS Wage Price Index, Australia, catalogue 6345.0 table 5a",https://www.abs.gov.au/statistics/economy/price-indexes-and-inflation/wage-price-index-australia/latest-release,2026-08-25 21:04:26 AEST
public_education_wpi,2006,88.6,A2705238T,0.0435806831566548,"ABS Wage Price Index, Australia, catalogue 6345.0 table 5a",https://www.abs.gov.au/statistics/economy/price-indexes-and-inflation/wage-price-index-australia/latest-release,2026-08-25 21:04:26 AEST
public_education_wpi,2007,92.4,A2705238T,0.0428893905191874,"ABS Wage Price Index, Australia, catalogue 6345.0 table 5a",https://www.abs.gov.au/statistics/economy/price-indexes-and-inflation/wage-price-index-australia/latest-release,2026-08-25 21:04:26 AEST
public_education_wpi,2008,96,A2705238T,0.0389610389610389,"ABS Wage Price Index, Australia, catalogue 6345.0 table 5a",https://www.abs.gov.au/statistics/economy/price-indexes-and-inflation/wage-price-index-australia/latest-release,2026-08-25 21:04:26 AEST
public_education_wpi,2009,100,A2705238T,0.0416666666666667,"ABS Wage Price Index, Australia, catalogue 6345.0 table 5a",https://www.abs.gov.au/statistics/economy/price-indexes-and-inflation/wage-price-index-australia/latest-release,2026-08-25 21:04:26 AEST
public_education_wpi,2010,104,A2705238T,0.04,"ABS Wage Price Index, Australia, catalogue 6345.0 table 5a",https://www.abs.gov.au/statistics/economy/price-indexes-and-inflation/wage-price-index-australia/latest-release,2026-08-25 21:04:26 AEST
public_education_wpi,2011,108.4,A2705238T,0.0423076923076924,"ABS Wage Price Index, Australia, catalogue 6345.0 table 5a",https://www.abs.gov.au/statistics/economy/price-indexes-and-inflation/wage-price-index-australia/latest-release,2026-08-25 21:04:26 AEST
public_education_wpi,2012,112.4,A2705238T,0.03690036900369,"ABS Wage Price Index, Australia, catalogue 6345.0 table 5a",https://www.abs.gov.au/statistics/economy/price-indexes-and-inflation/wage-price-index-australia/latest-release,2026-08-25 21:04:26 AEST
public_education_wpi,2013,115.5,A2705238T,0.0275800711743772,"ABS Wage Price Index, Australia, catalogue 6345.0 table 5a",https://www.abs.gov.au/statistics/economy/price-indexes-and-inflation/wage-price-index-australia/latest-release,2026-08-25 21:04:26 AEST
public_education_wpi,2014,118.7,A2705238T,0.0277056277056278,"ABS Wage Price Index, Australia, catalogue 6345.0 table 5a",https://www.abs.gov.au/statistics/economy/price-indexes-and-inflation/wage-price-index-australia/latest-release,2026-08-25 21:04:26 AEST
public_education_wpi,2015,122.5,A2705238T,0.0320134793597304,"ABS Wage Price Index, Australia, catalogue 6345.0 table 5a",https://www.abs.gov.au/statistics/economy/price-indexes-and-inflation/wage-price-index-australia/latest-release,2026-08-25 21:04:26 AEST
public_education_wpi,2016,126,A2705238T,0.0285714285714285,"ABS Wage Price Index, Australia, catalogue 6345.0 table 5a",https://www.abs.gov.au/statistics/economy/price-indexes-and-inflation/wage-price-index-australia/latest-release,2026-08-25 21:04:26 AEST
public_education_wpi,2017,129.1,A2705238T,0.0246031746031745,"ABS Wage Price Index, Australia, catalogue 6345.0 table 5a",https://www.abs.gov.au/statistics/economy/price-indexes-and-inflation/wage-price-index-australia/latest-release,2026-08-25 21:04:26 AEST
public_education_wpi,2018,132.3,A2705238T,0.0247869868319133,"ABS Wage Price Index, Australia, catalogue 6345.0 table 5a",https://www.abs.gov.au/statistics/economy/price-indexes-and-inflation/wage-price-index-australia/latest-release,2026-08-25 21:04:26 AEST
public_education_wpi,2019,135.4,A2705238T,0.0234315948601662,"ABS Wage Price Index, Australia, catalogue 6345.0 table 5a",https://www.abs.gov.au/statistics/economy/price-indexes-and-inflation/wage-price-index-australia/latest-release,2026-08-25 21:04:26 AEST
public_education_wpi,2020,138.3,A2705238T,0.0214180206794683,"ABS Wage Price Index, Australia, catalogue 6345.0 table 5a",https://www.abs.gov.au/statistics/economy/price-indexes-and-inflation/wage-price-index-australia/latest-release,2026-08-25 21:04:26 AEST
public_education_wpi,2021,140.9,A2705238T,0.0187997107736804,"ABS Wage Price Index, Australia, catalogue 6345.0 table 5a",https://www.abs.gov.au/statistics/economy/price-indexes-and-inflation/wage-price-index-australia/latest-release,2026-08-25 21:04:26 AEST
public_education_wpi,2022,143.9,A2705238T,0.0212916962384671,"ABS Wage Price Index, Australia, catalogue 6345.0 table 5a",https://www.abs.gov.au/statistics/economy/price-indexes-and-inflation/wage-price-index-australia/latest-release,2026-08-25 21:04:26 AEST
public_education_wpi,2023,147.9,A2705238T,0.0277970813064627,"ABS Wage Price Index, Australia, catalogue 6345.0 table 5a",https://www.abs.gov.au/statistics/economy/price-indexes-and-inflation/wage-price-index-australia/latest-release,2026-08-25 21:04:26 AEST
public_education_wpi,2024,154.3,A2705238T,0.0432724814063556,"ABS Wage Price Index, Australia, catalogue 6345.0 table 5a",https://www.abs.gov.au/statistics/economy/price-indexes-and-inflation/wage-price-index-australia/latest-release,2026-08-25 21:04:26 AEST
public_education_wpi,2025,160.2,A2705238T,0.0382372002592351,"ABS Wage Price Index, Australia, catalogue 6345.0 table 5a",https://www.abs.gov.au/statistics/economy/price-indexes-and-inflation/wage-price-index-australia/latest-release,2026-08-25 21:04:26 AEST
public_education_wpi,2026,165.2,A2705238T,0.0312109862671661,"ABS Wage Price Index, Australia, catalogue 6345.0 table 5a",https://www.abs.gov.au/statistics/economy/price-indexes-and-inflation/wage-price-index-australia/latest-release,2026-08-25 21:04:26 AEST
public_health_wpi,1998,65.5,A2705248W,,"ABS Wage Price Index, Australia, catalogue 6345.0 table 5a",https://www.abs.gov.au/statistics/economy/price-indexes-and-inflation/wage-price-index-australia/latest-release,2026-08-25 21:04:26 AEST
public_health_wpi,1999,68.4,A2705248W,0.0442748091603054,"ABS Wage Price Index, Australia, catalogue 6345.0 table 5a",https://www.abs.gov.au/statistics/economy/price-indexes-and-inflation/wage-price-index-australia/latest-release,2026-08-25 21:04:26 AEST
public_health_wpi,2000,70.5,A2705248W,0.0307017543859649,"ABS Wage Price Index, Australia, catalogue 6345.0 table 5a",https://www.abs.gov.au/statistics/economy/price-indexes-and-inflation/wage-price-index-australia/latest-release,2026-08-25 21:04:26 AEST
public_health_wpi,2001,72.7,A2705248W,0.0312056737588653,"ABS Wage Price Index, Australia, catalogue 6345.0 table 5a",https://www.abs.gov.au/statistics/economy/price-indexes-and-inflation/wage-price-index-australia/latest-release,2026-08-25 21:04:26 AEST
public_health_wpi,2002,74.9,A2705248W,0.0302613480055021,"ABS Wage Price Index, Australia, catalogue 6345.0 table 5a",https://www.abs.gov.au/statistics/economy/price-indexes-and-inflation/wage-price-index-australia/latest-release,2026-08-25 21:04:26 AEST
public_health_wpi,2003,77.6,A2705248W,0.036048064085447,"ABS Wage Price Index, Australia, catalogue 6345.0 table 5a",https://www.abs.gov.au/statistics/economy/price-indexes-and-inflation/wage-price-index-australia/latest-release,2026-08-25 21:04:26 AEST
public_health_wpi,2004,82,A2705248W,0.0567010309278351,"ABS Wage Price Index, Australia, catalogue 6345.0 table 5a",https://www.abs.gov.au/statistics/economy/price-indexes-and-inflation/wage-price-index-australia/latest-release,2026-08-25 21:04:26 AEST
public_health_wpi,2005,84.5,A2705248W,0.0304878048780488,"ABS Wage Price Index, Australia, catalogue 6345.0 table 5a",https://www.abs.gov.au/statistics/economy/price-indexes-and-inflation/wage-price-index-australia/latest-release,2026-08-25 21:04:26 AEST
public_health_wpi,2006,88.3,A2705248W,0.0449704142011833,"ABS Wage Price Index, Australia, catalogue 6345.0 table 5a",https://www.abs.gov.au/statistics/economy/price-indexes-and-inflation/wage-price-index-australia/latest-release,2026-08-25 21:04:26 AEST
public_health_wpi,2007,92.7,A2705248W,0.0498301245753114,"ABS Wage Price Index, Australia, catalogue 6345.0 table 5a",https://www.abs.gov.au/statistics/economy/price-indexes-and-inflation/wage-price-index-australia/latest-release,2026-08-25 21:04:26 AEST
public_health_wpi,2008,96.2,A2705248W,0.0377562028047465,"ABS Wage Price Index, Australia, catalogue 6345.0 table 5a",https://www.abs.gov.au/statistics/economy/price-indexes-and-inflation/wage-price-index-australia/latest-release,2026-08-25 21:04:26 AEST
public_health_wpi,2009,100,A2705248W,0.0395010395010396,"ABS Wage Price Index, Australia, catalogue 6345.0 table 5a",https://www.abs.gov.au/statistics/economy/price-indexes-and-inflation/wage-price-index-australia/latest-release,2026-08-25 21:04:26 AEST
public_health_wpi,2010,104.9,A2705248W,0.0490000000000002,"ABS Wage Price Index, Australia, catalogue 6345.0 table 5a",https://www.abs.gov.au/statistics/economy/price-indexes-and-inflation/wage-price-index-australia/latest-release,2026-08-25 21:04:26 AEST
public_health_wpi,2011,108.3,A2705248W,0.0324118207816968,"ABS Wage Price Index, Australia, catalogue 6345.0 table 5a",https://www.abs.gov.au/statistics/economy/price-indexes-and-inflation/wage-price-index-australia/latest-release,2026-08-25 21:04:26 AEST
public_health_wpi,2012,111.3,A2705248W,0.0277008310249307,"ABS Wage Price Index, Australia, catalogue 6345.0 table 5a",https://www.abs.gov.au/statistics/economy/price-indexes-and-inflation/wage-price-index-australia/latest-release,2026-08-25 21:04:26 AEST
public_health_wpi,2013,114.9,A2705248W,0.0323450134770891,"ABS Wage Price Index, Australia, catalogue 6345.0 table 5a",https://www.abs.gov.au/statistics/economy/price-indexes-and-inflation/wage-price-index-australia/latest-release,2026-08-25 21:04:26 AEST
public_health_wpi,2014,118,A2705248W,0.0269799825935595,"ABS Wage Price Index, Australia, catalogue 6345.0 table 5a",https://www.abs.gov.au/statistics/economy/price-indexes-and-inflation/wage-price-index-australia/latest-release,2026-08-25 21:04:26 AEST
public_health_wpi,2015,121.4,A2705248W,0.028813559322034,"ABS Wage Price Index, Australia, catalogue 6345.0 table 5a",https://www.abs.gov.au/statistics/economy/price-indexes-and-inflation/wage-price-index-australia/latest-release,2026-08-25 21:04:26 AEST
public_health_wpi,2016,124.5,A2705248W,0.0255354200988467,"ABS Wage Price Index, Australia, catalogue 6345.0 table 5a",https://www.abs.gov.au/statistics/economy/price-indexes-and-inflation/wage-price-index-australia/latest-release,2026-08-25 21:04:26 AEST
public_health_wpi,2017,127.5,A2705248W,0.0240963855421688,"ABS Wage Price Index, Australia, catalogue 6345.0 table 5a",https://www.abs.gov.au/statistics/economy/price-indexes-and-inflation/wage-price-index-australia/latest-release,2026-08-25 21:04:26 AEST
public_health_wpi,2018,131.1,A2705248W,0.0282352941176469,"ABS Wage Price Index, Australia, catalogue 6345.0 table 5a",https://www.abs.gov.au/statistics/economy/price-indexes-and-inflation/wage-price-index-australia/latest-release,2026-08-25 21:04:26 AEST
public_health_wpi,2019,134.6,A2705248W,0.026697177726926,"ABS Wage Price Index, Australia, catalogue 6345.0 table 5a",https://www.abs.gov.au/statistics/economy/price-indexes-and-inflation/wage-price-index-australia/latest-release,2026-08-25 21:04:26 AEST
public_health_wpi,2020,138.4,A2705248W,0.0282317979197624,"ABS Wage Price Index, Australia, catalogue 6345.0 table 5a",https://www.abs.gov.au/statistics/economy/price-indexes-and-inflation/wage-price-index-australia/latest-release,2026-08-25 21:04:26 AEST
public_health_wpi,2021,140,A2705248W,0.0115606936416184,"ABS Wage Price Index, Australia, catalogue 6345.0 table 5a",https://www.abs.gov.au/statistics/economy/price-indexes-and-inflation/wage-price-index-australia/latest-release,2026-08-25 21:04:26 AEST
public_health_wpi,2022,142.6,A2705248W,0.0185714285714285,"ABS Wage Price Index, Australia, catalogue 6345.0 table 5a",https://www.abs.gov.au/statistics/economy/price-indexes-and-inflation/wage-price-index-australia/latest-release,2026-08-25 21:04:26 AEST
public_health_wpi,2023,146.1,A2705248W,0.0245441795231416,"ABS Wage Price Index, Australia, catalogue 6345.0 table 5a",https://www.abs.gov.au/statistics/economy/price-indexes-and-inflation/wage-price-index-australia/latest-release,2026-08-25 21:04:26 AEST
public_health_wpi,2024,151.6,A2705248W,0.0376454483230664,"ABS Wage Price Index, Australia, catalogue 6345.0 table 5a",https://www.abs.gov.au/statistics/economy/price-indexes-and-inflation/wage-price-index-australia/latest-release,2026-08-25 21:04:26 AEST
public_health_wpi,2025,155.9,A2705248W,0.0283641160949868,"ABS Wage Price Index, Australia, catalogue 6345.0 table 5a",https://www.abs.gov.au/statistics/economy/price-indexes-and-inflation/wage-price-index-australia/latest-release,2026-08-25 21:04:26 AEST
public_health_wpi,2026,161.1,A2705248W,0.0333547145606157,"ABS Wage Price Index, Australia, catalogue 6345.0 table 5a",https://www.abs.gov.au/statistics/economy/price-indexes-and-inflation/wage-price-index-australia/latest-release,2026-08-25 21:04:26 AEST
